INSERT INTO "Ristorante" ("Nome_Ristorante") VALUES ('Pasta d Oro');
INSERT INTO "Ristorante" ("Nome_Ristorante") VALUES ('il Rametto');
INSERT INTO "Ristorante" ("Nome_Ristorante") VALUES ('Manhattan');
INSERT INTO "Sala" ("Nome_Sala", "ID_Ristorante") VALUES ('Verde', 2);
INSERT INTO "Sala" ("Nome_Sala", "ID_Ristorante") VALUES ('Rosso', 2);
INSERT INTO "Sala" ("Nome_Sala", "ID_Ristorante") VALUES ('Viola', 3);
INSERT INTO "Sala" ("Nome_Sala", "ID_Ristorante") VALUES ('Oro', 3);
INSERT INTO "Sala" ("Nome_Sala", "ID_Ristorante") VALUES ('Blu', 2);
INSERT INTO "Sala" ("Nome_Sala", "ID_Ristorante") VALUES ('Giallo', 2);
INSERT INTO "Sala" ("Nome_Sala", "ID_Ristorante") VALUES ('Rosa', 3);
INSERT INTO "Sala" ("Nome_Sala", "ID_Ristorante") VALUES ('Indaco', 1);
INSERT INTO "Sala" ("Nome_Sala", "ID_Ristorante") VALUES ('Marrone', 2);
INSERT INTO "Sala" ("Nome_Sala", "ID_Ristorante") VALUES ('Nero', 1);
INSERT INTO "Sala" ("Nome_Sala", "ID_Ristorante") VALUES ('Magenta', 2);
INSERT INTO "Sala" ("Nome_Sala", "ID_Ristorante") VALUES ('Arancione', 2);
INSERT INTO "Tavolo" ("ID_Sala", "Max_Avventori") VALUES (3, 8);
INSERT INTO "Tavolo" ("ID_Sala", "Max_Avventori") VALUES (9, 15);
INSERT INTO "Tavolo" ("ID_Sala", "Max_Avventori") VALUES (6, 10);
INSERT INTO "Tavolo" ("ID_Sala", "Max_Avventori") VALUES (10, 12);
INSERT INTO "Tavolo" ("ID_Sala", "Max_Avventori") VALUES (11, 15);
INSERT INTO "Tavolo" ("ID_Sala", "Max_Avventori") VALUES (5, 12);
INSERT INTO "Tavolo" ("ID_Sala", "Max_Avventori") VALUES (12, 14);
INSERT INTO "Tavolo" ("ID_Sala", "Max_Avventori") VALUES (9, 5);
INSERT INTO "Tavolo" ("ID_Sala", "Max_Avventori") VALUES (1, 13);
INSERT INTO "Tavolo" ("ID_Sala", "Max_Avventori") VALUES (6, 14);
INSERT INTO "Tavolo" ("ID_Sala", "Max_Avventori") VALUES (2, 5);
INSERT INTO "Tavolo" ("ID_Sala", "Max_Avventori") VALUES (8, 5);
INSERT INTO "Tavolo" ("ID_Sala", "Max_Avventori") VALUES (10, 6);
INSERT INTO "Tavolo" ("ID_Sala", "Max_Avventori") VALUES (10, 10);
INSERT INTO "Tavolo" ("ID_Sala", "Max_Avventori") VALUES (4, 12);
INSERT INTO "Tavolo" ("ID_Sala", "Max_Avventori") VALUES (6, 4);
INSERT INTO "Tavolo" ("ID_Sala", "Max_Avventori") VALUES (1, 10);
INSERT INTO "Tavolo" ("ID_Sala", "Max_Avventori") VALUES (3, 4);
INSERT INTO "Tavolo" ("ID_Sala", "Max_Avventori") VALUES (7, 15);
INSERT INTO "Tavolo" ("ID_Sala", "Max_Avventori") VALUES (11, 6);
INSERT INTO "Tavolo" ("ID_Sala", "Max_Avventori") VALUES (5, 4);
INSERT INTO "Tavolo" ("ID_Sala", "Max_Avventori") VALUES (2, 5);
INSERT INTO "Tavolo" ("ID_Sala", "Max_Avventori") VALUES (4, 12);
INSERT INTO "Tavolo" ("ID_Sala", "Max_Avventori") VALUES (6, 6);
INSERT INTO "Tavolo" ("ID_Sala", "Max_Avventori") VALUES (8, 5);
INSERT INTO "Tavolo" ("ID_Sala", "Max_Avventori") VALUES (2, 15);
INSERT INTO "Tavolo" ("ID_Sala", "Max_Avventori") VALUES (12, 12);
INSERT INTO "Tavolo" ("ID_Sala", "Max_Avventori") VALUES (2, 4);
INSERT INTO "Tavolo" ("ID_Sala", "Max_Avventori") VALUES (1, 12);
INSERT INTO "Tavolo" ("ID_Sala", "Max_Avventori") VALUES (4, 4);
INSERT INTO "Tavolo" ("ID_Sala", "Max_Avventori") VALUES (4, 8);
INSERT INTO "Tavolo" ("ID_Sala", "Max_Avventori") VALUES (9, 12);
INSERT INTO "Tavolo" ("ID_Sala", "Max_Avventori") VALUES (9, 10);
INSERT INTO "Tavolo" ("ID_Sala", "Max_Avventori") VALUES (11, 10);
INSERT INTO "Tavolo" ("ID_Sala", "Max_Avventori") VALUES (8, 12);
INSERT INTO "Tavolo" ("ID_Sala", "Max_Avventori") VALUES (6, 6);
INSERT INTO "Tavolo" ("ID_Sala", "Max_Avventori") VALUES (7, 6);
INSERT INTO "Tavolo" ("ID_Sala", "Max_Avventori") VALUES (12, 6);
INSERT INTO "Tavolo" ("ID_Sala", "Max_Avventori") VALUES (2, 9);
INSERT INTO "Tavolo" ("ID_Sala", "Max_Avventori") VALUES (7, 5);
INSERT INTO "Tavolo" ("ID_Sala", "Max_Avventori") VALUES (12, 15);
INSERT INTO "Tavolo" ("ID_Sala", "Max_Avventori") VALUES (3, 8);
INSERT INTO "Tavolo" ("ID_Sala", "Max_Avventori") VALUES (3, 6);
INSERT INTO "Tavolo" ("ID_Sala", "Max_Avventori") VALUES (11, 11);
INSERT INTO "Tavolo" ("ID_Sala", "Max_Avventori") VALUES (11, 8);
INSERT INTO "Tavolo" ("ID_Sala", "Max_Avventori") VALUES (3, 14);
INSERT INTO "Tavolo" ("ID_Sala", "Max_Avventori") VALUES (5, 8);
INSERT INTO "Tavolo" ("ID_Sala", "Max_Avventori") VALUES (1, 7);
INSERT INTO "Tavolo" ("ID_Sala", "Max_Avventori") VALUES (6, 4);
INSERT INTO "Tavolo" ("ID_Sala", "Max_Avventori") VALUES (5, 6);
INSERT INTO "TavoliAdiacenti" ("ID_Tavolo", "ID_Tavolo_Adiacente") VALUES (43, 46);
INSERT INTO "TavoliAdiacenti" ("ID_Tavolo", "ID_Tavolo_Adiacente") VALUES (37, 19);
INSERT INTO "TavoliAdiacenti" ("ID_Tavolo", "ID_Tavolo_Adiacente") VALUES (3, 16);
INSERT INTO "TavoliAdiacenti" ("ID_Tavolo", "ID_Tavolo_Adiacente") VALUES (14, 4);
INSERT INTO "TavoliAdiacenti" ("ID_Tavolo", "ID_Tavolo_Adiacente") VALUES (10, 49);
INSERT INTO "TavoliAdiacenti" ("ID_Tavolo", "ID_Tavolo_Adiacente") VALUES (1, 18);
INSERT INTO "TavoliAdiacenti" ("ID_Tavolo", "ID_Tavolo_Adiacente") VALUES (28, 26);
INSERT INTO "TavoliAdiacenti" ("ID_Tavolo", "ID_Tavolo_Adiacente") VALUES (43, 18);
INSERT INTO "TavoliAdiacenti" ("ID_Tavolo", "ID_Tavolo_Adiacente") VALUES (4, 13);
INSERT INTO "TavoliAdiacenti" ("ID_Tavolo", "ID_Tavolo_Adiacente") VALUES (15, 30);
INSERT INTO "TavoliAdiacenti" ("ID_Tavolo", "ID_Tavolo_Adiacente") VALUES (23, 15);
INSERT INTO "TavoliAdiacenti" ("ID_Tavolo", "ID_Tavolo_Adiacente") VALUES (19, 40);
INSERT INTO "TavoliAdiacenti" ("ID_Tavolo", "ID_Tavolo_Adiacente") VALUES (35, 25);
INSERT INTO "TavoliAdiacenti" ("ID_Tavolo", "ID_Tavolo_Adiacente") VALUES (18, 46);
INSERT INTO "TavoliAdiacenti" ("ID_Tavolo", "ID_Tavolo_Adiacente") VALUES (27, 7);
INSERT INTO "TavoliAdiacenti" ("ID_Tavolo", "ID_Tavolo_Adiacente") VALUES (18, 42);
INSERT INTO "TavoliAdiacenti" ("ID_Tavolo", "ID_Tavolo_Adiacente") VALUES (9, 29);
INSERT INTO "TavoliAdiacenti" ("ID_Tavolo", "ID_Tavolo_Adiacente") VALUES (8, 2);
INSERT INTO "TavoliAdiacenti" ("ID_Tavolo", "ID_Tavolo_Adiacente") VALUES (21, 50);
INSERT INTO "TavoliAdiacenti" ("ID_Tavolo", "ID_Tavolo_Adiacente") VALUES (29, 17);
INSERT INTO "TavoliAdiacenti" ("ID_Tavolo", "ID_Tavolo_Adiacente") VALUES (11, 28);
INSERT INTO "TavoliAdiacenti" ("ID_Tavolo", "ID_Tavolo_Adiacente") VALUES (2, 33);
INSERT INTO "TavoliAdiacenti" ("ID_Tavolo", "ID_Tavolo_Adiacente") VALUES (13, 14);
INSERT INTO "Tavolata" ("Data_Arrivo", "Codice_Tavolo") VALUES ('2021-07-21', 11);
INSERT INTO "Tavolata" ("Data_Arrivo", "Codice_Tavolo") VALUES ('2023-04-29', 29);
INSERT INTO "Tavolata" ("Data_Arrivo", "Codice_Tavolo") VALUES ('2022-01-04', 49);
INSERT INTO "Tavolata" ("Data_Arrivo", "Codice_Tavolo") VALUES ('2023-05-31', 16);
INSERT INTO "Tavolata" ("Data_Arrivo", "Codice_Tavolo") VALUES ('2021-11-07', 11);
INSERT INTO "Tavolata" ("Data_Arrivo", "Codice_Tavolo") VALUES ('2021-02-06', 19);
INSERT INTO "Tavolata" ("Data_Arrivo", "Codice_Tavolo") VALUES ('2023-02-12', 2);
INSERT INTO "Tavolata" ("Data_Arrivo", "Codice_Tavolo") VALUES ('2023-01-01', 33);
INSERT INTO "Tavolata" ("Data_Arrivo", "Codice_Tavolo") VALUES ('2023-11-21', 41);
INSERT INTO "Tavolata" ("Data_Arrivo", "Codice_Tavolo") VALUES ('2023-09-06', 36);
INSERT INTO "Tavolata" ("Data_Arrivo", "Codice_Tavolo") VALUES ('2023-03-30', 20);
INSERT INTO "Tavolata" ("Data_Arrivo", "Codice_Tavolo") VALUES ('2023-05-18', 36);
INSERT INTO "Tavolata" ("Data_Arrivo", "Codice_Tavolo") VALUES ('2022-12-19', 32);
INSERT INTO "Tavolata" ("Data_Arrivo", "Codice_Tavolo") VALUES ('2023-10-16', 47);
INSERT INTO "Tavolata" ("Data_Arrivo", "Codice_Tavolo") VALUES ('2022-11-30', 38);
INSERT INTO "Tavolata" ("Data_Arrivo", "Codice_Tavolo") VALUES ('2022-11-30', 4);
INSERT INTO "Tavolata" ("Data_Arrivo", "Codice_Tavolo") VALUES ('2023-09-09', 17);
INSERT INTO "Tavolata" ("Data_Arrivo", "Codice_Tavolo") VALUES ('2022-11-23', 6);
INSERT INTO "Tavolata" ("Data_Arrivo", "Codice_Tavolo") VALUES ('2022-08-20', 36);
INSERT INTO "Tavolata" ("Data_Arrivo", "Codice_Tavolo") VALUES ('2022-01-13', 36);
INSERT INTO "Tavolata" ("Data_Arrivo", "Codice_Tavolo") VALUES ('2021-08-19', 48);
INSERT INTO "Tavolata" ("Data_Arrivo", "Codice_Tavolo") VALUES ('2022-05-27', 18);
INSERT INTO "Tavolata" ("Data_Arrivo", "Codice_Tavolo") VALUES ('2021-02-14', 34);
INSERT INTO "Tavolata" ("Data_Arrivo", "Codice_Tavolo") VALUES ('2022-11-02', 47);
INSERT INTO "Tavolata" ("Data_Arrivo", "Codice_Tavolo") VALUES ('2023-12-15', 25);
INSERT INTO "Tavolata" ("Data_Arrivo", "Codice_Tavolo") VALUES ('2023-05-02', 5);
INSERT INTO "Tavolata" ("Data_Arrivo", "Codice_Tavolo") VALUES ('2021-02-24', 19);
INSERT INTO "Tavolata" ("Data_Arrivo", "Codice_Tavolo") VALUES ('2022-10-29', 15);
INSERT INTO "Tavolata" ("Data_Arrivo", "Codice_Tavolo") VALUES ('2022-11-11', 37);
INSERT INTO "Tavolata" ("Data_Arrivo", "Codice_Tavolo") VALUES ('2022-06-09', 14);
INSERT INTO "Tavolata" ("Data_Arrivo", "Codice_Tavolo") VALUES ('2023-07-31', 50);
INSERT INTO "Tavolata" ("Data_Arrivo", "Codice_Tavolo") VALUES ('2022-11-09', 38);
INSERT INTO "Tavolata" ("Data_Arrivo", "Codice_Tavolo") VALUES ('2023-07-03', 48);
INSERT INTO "Tavolata" ("Data_Arrivo", "Codice_Tavolo") VALUES ('2021-06-18', 42);
INSERT INTO "Tavolata" ("Data_Arrivo", "Codice_Tavolo") VALUES ('2023-09-01', 43);
INSERT INTO "Tavolata" ("Data_Arrivo", "Codice_Tavolo") VALUES ('2022-12-19', 27);
INSERT INTO "Tavolata" ("Data_Arrivo", "Codice_Tavolo") VALUES ('2022-09-30', 48);
INSERT INTO "Tavolata" ("Data_Arrivo", "Codice_Tavolo") VALUES ('2023-11-22', 14);
INSERT INTO "Tavolata" ("Data_Arrivo", "Codice_Tavolo") VALUES ('2021-12-24', 49);
INSERT INTO "Tavolata" ("Data_Arrivo", "Codice_Tavolo") VALUES ('2022-05-05', 8);
INSERT INTO "Tavolata" ("Data_Arrivo", "Codice_Tavolo") VALUES ('2023-10-10', 45);
INSERT INTO "Tavolata" ("Data_Arrivo", "Codice_Tavolo") VALUES ('2022-01-20', 49);
INSERT INTO "Tavolata" ("Data_Arrivo", "Codice_Tavolo") VALUES ('2023-08-05', 28);
INSERT INTO "Tavolata" ("Data_Arrivo", "Codice_Tavolo") VALUES ('2022-08-14', 42);
INSERT INTO "Tavolata" ("Data_Arrivo", "Codice_Tavolo") VALUES ('2023-06-09', 49);
INSERT INTO "Tavolata" ("Data_Arrivo", "Codice_Tavolo") VALUES ('2021-02-20', 40);
INSERT INTO "Tavolata" ("Data_Arrivo", "Codice_Tavolo") VALUES ('2023-01-30', 49);
INSERT INTO "Tavolata" ("Data_Arrivo", "Codice_Tavolo") VALUES ('2021-11-21', 6);
INSERT INTO "Tavolata" ("Data_Arrivo", "Codice_Tavolo") VALUES ('2022-03-20', 36);
INSERT INTO "Tavolata" ("Data_Arrivo", "Codice_Tavolo") VALUES ('2021-08-03', 49);
INSERT INTO "Tavolata" ("Data_Arrivo", "Codice_Tavolo") VALUES ('2022-03-17', 21);
INSERT INTO "Tavolata" ("Data_Arrivo", "Codice_Tavolo") VALUES ('2023-02-10', 24);
INSERT INTO "Tavolata" ("Data_Arrivo", "Codice_Tavolo") VALUES ('2023-11-06', 46);
INSERT INTO "Tavolata" ("Data_Arrivo", "Codice_Tavolo") VALUES ('2023-08-16', 6);
INSERT INTO "Tavolata" ("Data_Arrivo", "Codice_Tavolo") VALUES ('2022-10-15', 19);
INSERT INTO "Tavolata" ("Data_Arrivo", "Codice_Tavolo") VALUES ('2023-03-06', 19);
INSERT INTO "Tavolata" ("Data_Arrivo", "Codice_Tavolo") VALUES ('2021-04-07', 38);
INSERT INTO "Tavolata" ("Data_Arrivo", "Codice_Tavolo") VALUES ('2022-10-07', 13);
INSERT INTO "Tavolata" ("Data_Arrivo", "Codice_Tavolo") VALUES ('2023-05-17', 5);
INSERT INTO "Tavolata" ("Data_Arrivo", "Codice_Tavolo") VALUES ('2022-04-19', 25);
INSERT INTO "Tavolata" ("Data_Arrivo", "Codice_Tavolo") VALUES ('2021-05-05', 25);
INSERT INTO "Tavolata" ("Data_Arrivo", "Codice_Tavolo") VALUES ('2023-09-08', 17);
INSERT INTO "Tavolata" ("Data_Arrivo", "Codice_Tavolo") VALUES ('2022-06-26', 39);
INSERT INTO "Tavolata" ("Data_Arrivo", "Codice_Tavolo") VALUES ('2021-05-01', 10);
INSERT INTO "Tavolata" ("Data_Arrivo", "Codice_Tavolo") VALUES ('2022-07-03', 16);
INSERT INTO "Tavolata" ("Data_Arrivo", "Codice_Tavolo") VALUES ('2023-02-04', 42);
INSERT INTO "Tavolata" ("Data_Arrivo", "Codice_Tavolo") VALUES ('2021-09-16', 14);
INSERT INTO "Tavolata" ("Data_Arrivo", "Codice_Tavolo") VALUES ('2023-07-30', 21);
INSERT INTO "Tavolata" ("Data_Arrivo", "Codice_Tavolo") VALUES ('2023-08-06', 13);
INSERT INTO "Tavolata" ("Data_Arrivo", "Codice_Tavolo") VALUES ('2021-08-19', 17);
INSERT INTO "Tavolata" ("Data_Arrivo", "Codice_Tavolo") VALUES ('2023-01-31', 6);
INSERT INTO "Tavolata" ("Data_Arrivo", "Codice_Tavolo") VALUES ('2023-08-14', 14);
INSERT INTO "Tavolata" ("Data_Arrivo", "Codice_Tavolo") VALUES ('2023-11-27', 5);
INSERT INTO "Tavolata" ("Data_Arrivo", "Codice_Tavolo") VALUES ('2022-06-29', 16);
INSERT INTO "Tavolata" ("Data_Arrivo", "Codice_Tavolo") VALUES ('2023-01-28', 9);
INSERT INTO "Tavolata" ("Data_Arrivo", "Codice_Tavolo") VALUES ('2021-04-17', 3);
INSERT INTO "Tavolata" ("Data_Arrivo", "Codice_Tavolo") VALUES ('2023-02-28', 30);
INSERT INTO "Tavolata" ("Data_Arrivo", "Codice_Tavolo") VALUES ('2022-09-16', 6);
INSERT INTO "Tavolata" ("Data_Arrivo", "Codice_Tavolo") VALUES ('2022-12-03', 22);
INSERT INTO "Tavolata" ("Data_Arrivo", "Codice_Tavolo") VALUES ('2022-07-28', 48);
INSERT INTO "Tavolata" ("Data_Arrivo", "Codice_Tavolo") VALUES ('2022-03-19', 48);
INSERT INTO "Tavolata" ("Data_Arrivo", "Codice_Tavolo") VALUES ('2023-10-11', 36);
INSERT INTO "Tavolata" ("Data_Arrivo", "Codice_Tavolo") VALUES ('2022-04-14', 40);
INSERT INTO "Tavolata" ("Data_Arrivo", "Codice_Tavolo") VALUES ('2022-12-20', 9);
INSERT INTO "Tavolata" ("Data_Arrivo", "Codice_Tavolo") VALUES ('2023-09-20', 24);
INSERT INTO "Tavolata" ("Data_Arrivo", "Codice_Tavolo") VALUES ('2021-11-29', 34);
INSERT INTO "Tavolata" ("Data_Arrivo", "Codice_Tavolo") VALUES ('2023-12-04', 23);
INSERT INTO "Tavolata" ("Data_Arrivo", "Codice_Tavolo") VALUES ('2021-09-03', 28);
INSERT INTO "Tavolata" ("Data_Arrivo", "Codice_Tavolo") VALUES ('2021-08-08', 41);
INSERT INTO "Tavolata" ("Data_Arrivo", "Codice_Tavolo") VALUES ('2023-08-20', 44);
INSERT INTO "Tavolata" ("Data_Arrivo", "Codice_Tavolo") VALUES ('2021-05-13', 19);
INSERT INTO "Tavolata" ("Data_Arrivo", "Codice_Tavolo") VALUES ('2021-07-11', 18);
INSERT INTO "Tavolata" ("Data_Arrivo", "Codice_Tavolo") VALUES ('2021-02-18', 12);
INSERT INTO "Tavolata" ("Data_Arrivo", "Codice_Tavolo") VALUES ('2021-10-14', 24);
INSERT INTO "Tavolata" ("Data_Arrivo", "Codice_Tavolo") VALUES ('2022-11-30', 41);
INSERT INTO "Tavolata" ("Data_Arrivo", "Codice_Tavolo") VALUES ('2022-06-28', 37);
INSERT INTO "Tavolata" ("Data_Arrivo", "Codice_Tavolo") VALUES ('2023-06-03', 45);
INSERT INTO "Tavolata" ("Data_Arrivo", "Codice_Tavolo") VALUES ('2022-05-08', 15);
INSERT INTO "Tavolata" ("Data_Arrivo", "Codice_Tavolo") VALUES ('2021-08-19', 34);
INSERT INTO "Tavolata" ("Data_Arrivo", "Codice_Tavolo") VALUES ('2023-07-27', 31);
INSERT INTO "Tavolata" ("Data_Arrivo", "Codice_Tavolo") VALUES ('2022-09-24', 27);
INSERT INTO "Tavolata" ("Data_Arrivo", "Codice_Tavolo") VALUES ('2021-12-31', 43);
INSERT INTO "Tavolata" ("Data_Arrivo", "Codice_Tavolo") VALUES ('2023-08-13', 37);
INSERT INTO "Tavolata" ("Data_Arrivo", "Codice_Tavolo") VALUES ('2022-01-06', 36);
INSERT INTO "Tavolata" ("Data_Arrivo", "Codice_Tavolo") VALUES ('2021-10-11', 47);
INSERT INTO "Tavolata" ("Data_Arrivo", "Codice_Tavolo") VALUES ('2023-01-27', 15);
INSERT INTO "Tavolata" ("Data_Arrivo", "Codice_Tavolo") VALUES ('2021-05-28', 27);
INSERT INTO "Tavolata" ("Data_Arrivo", "Codice_Tavolo") VALUES ('2022-04-26', 46);
INSERT INTO "Tavolata" ("Data_Arrivo", "Codice_Tavolo") VALUES ('2022-05-13', 37);
INSERT INTO "Tavolata" ("Data_Arrivo", "Codice_Tavolo") VALUES ('2021-04-14', 39);
INSERT INTO "Tavolata" ("Data_Arrivo", "Codice_Tavolo") VALUES ('2021-05-01', 19);
INSERT INTO "Tavolata" ("Data_Arrivo", "Codice_Tavolo") VALUES ('2022-04-21', 42);
INSERT INTO "Tavolata" ("Data_Arrivo", "Codice_Tavolo") VALUES ('2021-03-02', 6);
INSERT INTO "Tavolata" ("Data_Arrivo", "Codice_Tavolo") VALUES ('2021-01-14', 27);
INSERT INTO "Tavolata" ("Data_Arrivo", "Codice_Tavolo") VALUES ('2022-02-25', 4);
INSERT INTO "Tavolata" ("Data_Arrivo", "Codice_Tavolo") VALUES ('2022-03-14', 42);
INSERT INTO "Tavolata" ("Data_Arrivo", "Codice_Tavolo") VALUES ('2023-08-11', 13);
INSERT INTO "Tavolata" ("Data_Arrivo", "Codice_Tavolo") VALUES ('2021-01-19', 32);
INSERT INTO "Tavolata" ("Data_Arrivo", "Codice_Tavolo") VALUES ('2023-09-01', 45);
INSERT INTO "Tavolata" ("Data_Arrivo", "Codice_Tavolo") VALUES ('2021-03-06', 36);
INSERT INTO "Tavolata" ("Data_Arrivo", "Codice_Tavolo") VALUES ('2023-03-11', 40);
INSERT INTO "Tavolata" ("Data_Arrivo", "Codice_Tavolo") VALUES ('2022-11-08', 50);
INSERT INTO "Tavolata" ("Data_Arrivo", "Codice_Tavolo") VALUES ('2023-03-27', 48);
INSERT INTO "Tavolata" ("Data_Arrivo", "Codice_Tavolo") VALUES ('2023-12-07', 15);
INSERT INTO "Tavolata" ("Data_Arrivo", "Codice_Tavolo") VALUES ('2022-12-31', 11);
INSERT INTO "Tavolata" ("Data_Arrivo", "Codice_Tavolo") VALUES ('2021-06-06', 5);
INSERT INTO "Tavolata" ("Data_Arrivo", "Codice_Tavolo") VALUES ('2021-04-08', 37);
INSERT INTO "Tavolata" ("Data_Arrivo", "Codice_Tavolo") VALUES ('2022-11-17', 17);
INSERT INTO "Tavolata" ("Data_Arrivo", "Codice_Tavolo") VALUES ('2023-04-06', 26);
INSERT INTO "Tavolata" ("Data_Arrivo", "Codice_Tavolo") VALUES ('2021-01-24', 19);
INSERT INTO "Tavolata" ("Data_Arrivo", "Codice_Tavolo") VALUES ('2023-06-12', 19);
INSERT INTO "Tavolata" ("Data_Arrivo", "Codice_Tavolo") VALUES ('2021-08-19', 33);
INSERT INTO "Tavolata" ("Data_Arrivo", "Codice_Tavolo") VALUES ('2023-10-20', 29);
INSERT INTO "Tavolata" ("Data_Arrivo", "Codice_Tavolo") VALUES ('2022-01-05', 3);
INSERT INTO "Tavolata" ("Data_Arrivo", "Codice_Tavolo") VALUES ('2022-12-22', 33);
INSERT INTO "Tavolata" ("Data_Arrivo", "Codice_Tavolo") VALUES ('2021-09-01', 32);
INSERT INTO "Tavolata" ("Data_Arrivo", "Codice_Tavolo") VALUES ('2023-11-26', 10);
INSERT INTO "Tavolata" ("Data_Arrivo", "Codice_Tavolo") VALUES ('2021-01-27', 32);
INSERT INTO "Tavolata" ("Data_Arrivo", "Codice_Tavolo") VALUES ('2023-07-19', 42);
INSERT INTO "Tavolata" ("Data_Arrivo", "Codice_Tavolo") VALUES ('2021-05-09', 9);
INSERT INTO "Tavolata" ("Data_Arrivo", "Codice_Tavolo") VALUES ('2023-04-23', 29);
INSERT INTO "Tavolata" ("Data_Arrivo", "Codice_Tavolo") VALUES ('2021-04-17', 48);
INSERT INTO "Tavolata" ("Data_Arrivo", "Codice_Tavolo") VALUES ('2022-12-31', 37);
INSERT INTO "Tavolata" ("Data_Arrivo", "Codice_Tavolo") VALUES ('2023-07-26', 48);
INSERT INTO "Tavolata" ("Data_Arrivo", "Codice_Tavolo") VALUES ('2023-01-12', 46);
INSERT INTO "Tavolata" ("Data_Arrivo", "Codice_Tavolo") VALUES ('2022-03-14', 26);
INSERT INTO "Tavolata" ("Data_Arrivo", "Codice_Tavolo") VALUES ('2021-05-04', 15);
INSERT INTO "Tavolata" ("Data_Arrivo", "Codice_Tavolo") VALUES ('2022-12-21', 12);
INSERT INTO "Tavolata" ("Data_Arrivo", "Codice_Tavolo") VALUES ('2023-07-30', 17);
INSERT INTO "Tavolata" ("Data_Arrivo", "Codice_Tavolo") VALUES ('2022-08-17', 47);
INSERT INTO "Tavolata" ("Data_Arrivo", "Codice_Tavolo") VALUES ('2022-06-09', 43);
INSERT INTO "Tavolata" ("Data_Arrivo", "Codice_Tavolo") VALUES ('2022-11-07', 13);
INSERT INTO "Tavolata" ("Data_Arrivo", "Codice_Tavolo") VALUES ('2021-08-11', 48);
INSERT INTO "Tavolata" ("Data_Arrivo", "Codice_Tavolo") VALUES ('2023-04-20', 8);
INSERT INTO "Tavolata" ("Data_Arrivo", "Codice_Tavolo") VALUES ('2021-05-02', 3);
INSERT INTO "Tavolata" ("Data_Arrivo", "Codice_Tavolo") VALUES ('2021-07-14', 27);
INSERT INTO "Tavolata" ("Data_Arrivo", "Codice_Tavolo") VALUES ('2023-06-02', 1);
INSERT INTO "Tavolata" ("Data_Arrivo", "Codice_Tavolo") VALUES ('2021-10-24', 30);
INSERT INTO "Tavolata" ("Data_Arrivo", "Codice_Tavolo") VALUES ('2022-02-17', 38);
INSERT INTO "Tavolata" ("Data_Arrivo", "Codice_Tavolo") VALUES ('2022-02-02', 17);
INSERT INTO "Tavolata" ("Data_Arrivo", "Codice_Tavolo") VALUES ('2022-09-09', 43);
INSERT INTO "Tavolata" ("Data_Arrivo", "Codice_Tavolo") VALUES ('2021-03-05', 27);
INSERT INTO "Tavolata" ("Data_Arrivo", "Codice_Tavolo") VALUES ('2021-12-06', 35);
INSERT INTO "Tavolata" ("Data_Arrivo", "Codice_Tavolo") VALUES ('2022-03-29', 37);
INSERT INTO "Tavolata" ("Data_Arrivo", "Codice_Tavolo") VALUES ('2022-07-14', 32);
INSERT INTO "Tavolata" ("Data_Arrivo", "Codice_Tavolo") VALUES ('2023-06-17', 19);
INSERT INTO "Tavolata" ("Data_Arrivo", "Codice_Tavolo") VALUES ('2022-06-19', 41);
INSERT INTO "Tavolata" ("Data_Arrivo", "Codice_Tavolo") VALUES ('2023-12-03', 27);
INSERT INTO "Tavolata" ("Data_Arrivo", "Codice_Tavolo") VALUES ('2022-10-03', 7);
INSERT INTO "Tavolata" ("Data_Arrivo", "Codice_Tavolo") VALUES ('2022-04-30', 47);
INSERT INTO "Tavolata" ("Data_Arrivo", "Codice_Tavolo") VALUES ('2022-09-24', 17);
INSERT INTO "Tavolata" ("Data_Arrivo", "Codice_Tavolo") VALUES ('2021-01-14', 44);
INSERT INTO "Tavolata" ("Data_Arrivo", "Codice_Tavolo") VALUES ('2021-09-15', 29);
INSERT INTO "Tavolata" ("Data_Arrivo", "Codice_Tavolo") VALUES ('2023-02-10', 44);
INSERT INTO "Tavolata" ("Data_Arrivo", "Codice_Tavolo") VALUES ('2023-09-05', 38);
INSERT INTO "Tavolata" ("Data_Arrivo", "Codice_Tavolo") VALUES ('2022-11-02', 27);
INSERT INTO "Tavolata" ("Data_Arrivo", "Codice_Tavolo") VALUES ('2022-08-10', 23);
INSERT INTO "Tavolata" ("Data_Arrivo", "Codice_Tavolo") VALUES ('2023-12-17', 38);
INSERT INTO "Tavolata" ("Data_Arrivo", "Codice_Tavolo") VALUES ('2021-08-31', 34);
INSERT INTO "Tavolata" ("Data_Arrivo", "Codice_Tavolo") VALUES ('2021-12-30', 23);
INSERT INTO "Tavolata" ("Data_Arrivo", "Codice_Tavolo") VALUES ('2023-08-24', 11);
INSERT INTO "Tavolata" ("Data_Arrivo", "Codice_Tavolo") VALUES ('2022-08-05', 21);
INSERT INTO "Tavolata" ("Data_Arrivo", "Codice_Tavolo") VALUES ('2021-05-27', 43);
INSERT INTO "Tavolata" ("Data_Arrivo", "Codice_Tavolo") VALUES ('2023-08-01', 47);
INSERT INTO "Tavolata" ("Data_Arrivo", "Codice_Tavolo") VALUES ('2022-03-01', 45);
INSERT INTO "Tavolata" ("Data_Arrivo", "Codice_Tavolo") VALUES ('2022-10-31', 31);
INSERT INTO "Tavolata" ("Data_Arrivo", "Codice_Tavolo") VALUES ('2022-01-28', 7);
INSERT INTO "Tavolata" ("Data_Arrivo", "Codice_Tavolo") VALUES ('2021-12-22', 34);
INSERT INTO "Tavolata" ("Data_Arrivo", "Codice_Tavolo") VALUES ('2021-07-13', 6);
INSERT INTO "Tavolata" ("Data_Arrivo", "Codice_Tavolo") VALUES ('2022-03-20', 39);
INSERT INTO "Tavolata" ("Data_Arrivo", "Codice_Tavolo") VALUES ('2022-09-07', 1);
INSERT INTO "Tavolata" ("Data_Arrivo", "Codice_Tavolo") VALUES ('2021-08-10', 44);
INSERT INTO "Tavolata" ("Data_Arrivo", "Codice_Tavolo") VALUES ('2022-10-03', 8);
INSERT INTO "Tavolata" ("Data_Arrivo", "Codice_Tavolo") VALUES ('2022-12-19', 20);
INSERT INTO "Tavolata" ("Data_Arrivo", "Codice_Tavolo") VALUES ('2021-09-26', 8);
INSERT INTO "Tavolata" ("Data_Arrivo", "Codice_Tavolo") VALUES ('2022-07-23', 15);
INSERT INTO "Tavolata" ("Data_Arrivo", "Codice_Tavolo") VALUES ('2022-04-23', 10);
INSERT INTO "Tavolata" ("Data_Arrivo", "Codice_Tavolo") VALUES ('2022-12-13', 3);
INSERT INTO "Tavolata" ("Data_Arrivo", "Codice_Tavolo") VALUES ('2022-10-28', 44);
INSERT INTO "Tavolata" ("Data_Arrivo", "Codice_Tavolo") VALUES ('2021-08-01', 28);
INSERT INTO "Tavolata" ("Data_Arrivo", "Codice_Tavolo") VALUES ('2022-12-14', 29);
INSERT INTO "Tavolata" ("Data_Arrivo", "Codice_Tavolo") VALUES ('2021-07-12', 26);
INSERT INTO "Tavolata" ("Data_Arrivo", "Codice_Tavolo") VALUES ('2022-12-05', 27);
INSERT INTO "Tavolata" ("Data_Arrivo", "Codice_Tavolo") VALUES ('2021-05-22', 4);
INSERT INTO "Tavolata" ("Data_Arrivo", "Codice_Tavolo") VALUES ('2023-02-08', 44);
INSERT INTO "Tavolata" ("Data_Arrivo", "Codice_Tavolo") VALUES ('2023-06-23', 18);
INSERT INTO "Tavolata" ("Data_Arrivo", "Codice_Tavolo") VALUES ('2022-02-25', 13);
INSERT INTO "Tavolata" ("Data_Arrivo", "Codice_Tavolo") VALUES ('2023-03-06', 39);
INSERT INTO "Tavolata" ("Data_Arrivo", "Codice_Tavolo") VALUES ('2022-05-11', 37);
INSERT INTO "Tavolata" ("Data_Arrivo", "Codice_Tavolo") VALUES ('2023-06-20', 16);
INSERT INTO "Tavolata" ("Data_Arrivo", "Codice_Tavolo") VALUES ('2021-12-08', 1);
INSERT INTO "Tavolata" ("Data_Arrivo", "Codice_Tavolo") VALUES ('2023-08-14', 3);
INSERT INTO "Tavolata" ("Data_Arrivo", "Codice_Tavolo") VALUES ('2022-07-01', 12);
INSERT INTO "Tavolata" ("Data_Arrivo", "Codice_Tavolo") VALUES ('2022-05-15', 28);
INSERT INTO "Tavolata" ("Data_Arrivo", "Codice_Tavolo") VALUES ('2023-07-19', 47);
INSERT INTO "Tavolata" ("Data_Arrivo", "Codice_Tavolo") VALUES ('2023-10-10', 14);
INSERT INTO "Tavolata" ("Data_Arrivo", "Codice_Tavolo") VALUES ('2022-11-13', 22);
INSERT INTO "Tavolata" ("Data_Arrivo", "Codice_Tavolo") VALUES ('2022-06-14', 19);
INSERT INTO "Tavolata" ("Data_Arrivo", "Codice_Tavolo") VALUES ('2023-09-21', 22);
INSERT INTO "Tavolata" ("Data_Arrivo", "Codice_Tavolo") VALUES ('2021-08-15', 35);
INSERT INTO "Tavolata" ("Data_Arrivo", "Codice_Tavolo") VALUES ('2022-09-11', 22);
INSERT INTO "Tavolata" ("Data_Arrivo", "Codice_Tavolo") VALUES ('2023-10-03', 46);
INSERT INTO "Tavolata" ("Data_Arrivo", "Codice_Tavolo") VALUES ('2023-06-16', 33);
INSERT INTO "Tavolata" ("Data_Arrivo", "Codice_Tavolo") VALUES ('2021-08-02', 31);
INSERT INTO "Tavolata" ("Data_Arrivo", "Codice_Tavolo") VALUES ('2021-09-28', 34);
INSERT INTO "Tavolata" ("Data_Arrivo", "Codice_Tavolo") VALUES ('2023-08-21', 30);
INSERT INTO "Tavolata" ("Data_Arrivo", "Codice_Tavolo") VALUES ('2021-09-23', 40);
INSERT INTO "Tavolata" ("Data_Arrivo", "Codice_Tavolo") VALUES ('2022-07-29', 24);
INSERT INTO "Tavolata" ("Data_Arrivo", "Codice_Tavolo") VALUES ('2021-11-30', 16);
INSERT INTO "Tavolata" ("Data_Arrivo", "Codice_Tavolo") VALUES ('2023-07-28', 39);
INSERT INTO "Tavolata" ("Data_Arrivo", "Codice_Tavolo") VALUES ('2021-05-31', 14);
INSERT INTO "Tavolata" ("Data_Arrivo", "Codice_Tavolo") VALUES ('2022-08-10', 38);
INSERT INTO "Tavolata" ("Data_Arrivo", "Codice_Tavolo") VALUES ('2021-11-21', 3);
INSERT INTO "Tavolata" ("Data_Arrivo", "Codice_Tavolo") VALUES ('2023-01-17', 46);
INSERT INTO "Tavolata" ("Data_Arrivo", "Codice_Tavolo") VALUES ('2023-07-28', 5);
INSERT INTO "Tavolata" ("Data_Arrivo", "Codice_Tavolo") VALUES ('2023-11-23', 31);
INSERT INTO "Tavolata" ("Data_Arrivo", "Codice_Tavolo") VALUES ('2021-09-03', 15);
INSERT INTO "Tavolata" ("Data_Arrivo", "Codice_Tavolo") VALUES ('2023-08-09', 17);
INSERT INTO "Tavolata" ("Data_Arrivo", "Codice_Tavolo") VALUES ('2021-07-19', 19);
INSERT INTO "Tavolata" ("Data_Arrivo", "Codice_Tavolo") VALUES ('2021-08-09', 37);
INSERT INTO "Tavolata" ("Data_Arrivo", "Codice_Tavolo") VALUES ('2021-09-18', 11);
INSERT INTO "Tavolata" ("Data_Arrivo", "Codice_Tavolo") VALUES ('2023-05-29', 8);
INSERT INTO "Tavolata" ("Data_Arrivo", "Codice_Tavolo") VALUES ('2022-12-09', 49);
INSERT INTO "Tavolata" ("Data_Arrivo", "Codice_Tavolo") VALUES ('2023-03-26', 34);
INSERT INTO "Tavolata" ("Data_Arrivo", "Codice_Tavolo") VALUES ('2021-05-03', 50);
INSERT INTO "Tavolata" ("Data_Arrivo", "Codice_Tavolo") VALUES ('2022-07-23', 18);
INSERT INTO "Tavolata" ("Data_Arrivo", "Codice_Tavolo") VALUES ('2022-05-10', 7);
INSERT INTO "Tavolata" ("Data_Arrivo", "Codice_Tavolo") VALUES ('2022-05-02', 13);
INSERT INTO "Tavolata" ("Data_Arrivo", "Codice_Tavolo") VALUES ('2022-05-21', 6);
INSERT INTO "Tavolata" ("Data_Arrivo", "Codice_Tavolo") VALUES ('2022-01-08', 22);
INSERT INTO "Cliente" ("Numero_ID_Card", "Nome", "Cognome", "Numero_Tel") VALUES ('SIGO4TLIN', 'Billye', 'Laville', '1425262566');
INSERT INTO "Cliente" ("Numero_ID_Card", "Nome", "Cognome", "Numero_Tel") VALUES ('43SXW3V3K', 'Daffie', 'Willgress', '3369359373');
INSERT INTO "Cliente" ("Numero_ID_Card", "Nome", "Cognome", "Numero_Tel") VALUES ('KZRZL92IW', 'Almira', 'Cooksey', '8762130976');
INSERT INTO "Cliente" ("Numero_ID_Card", "Nome", "Cognome", "Numero_Tel") VALUES ('PCB37Y1F9', 'Ambrose', 'Worley', '9106284815');
INSERT INTO "Cliente" ("Numero_ID_Card", "Nome", "Cognome", "Numero_Tel") VALUES ('TWO21TJYA', 'Melinda', 'Bridle', '1562152876');
INSERT INTO "Cliente" ("Numero_ID_Card", "Nome", "Cognome", "Numero_Tel") VALUES ('O5CQ69HUM', 'Ariana', 'Currier', '2045990046');
INSERT INTO "Cliente" ("Numero_ID_Card", "Nome", "Cognome", "Numero_Tel") VALUES ('HMB3DRHRN', 'Stanislaw', 'Guillond', '8894428936');
INSERT INTO "Cliente" ("Numero_ID_Card", "Nome", "Cognome", "Numero_Tel") VALUES ('GY52HFSBL', 'Jennie', 'Dumigan', '5515908635');
INSERT INTO "Cliente" ("Numero_ID_Card", "Nome", "Cognome", "Numero_Tel") VALUES ('0GN8OBHQJ', 'Lenard', 'Gavan', '9241964638');
INSERT INTO "Cliente" ("Numero_ID_Card", "Nome", "Cognome", "Numero_Tel") VALUES ('6GA3ZEB8S', 'Raff', 'Cogswell', '5458520345');
INSERT INTO "Cliente" ("Numero_ID_Card", "Nome", "Cognome", "Numero_Tel") VALUES ('EGAZREZI6', 'Hillard', 'Joiris', '5943668684');
INSERT INTO "Cliente" ("Numero_ID_Card", "Nome", "Cognome", "Numero_Tel") VALUES ('R2TUMEXQM', 'Ernestus', 'Hurlestone', '2695968161');
INSERT INTO "Cliente" ("Numero_ID_Card", "Nome", "Cognome", "Numero_Tel") VALUES ('HK3L2ORC4', 'Jonah', 'Rabjohn', '7265390591');
INSERT INTO "Cliente" ("Numero_ID_Card", "Nome", "Cognome", "Numero_Tel") VALUES ('KZSUAXL02', 'Christine', 'Lorryman', '7065723984');
INSERT INTO "Cliente" ("Numero_ID_Card", "Nome", "Cognome", "Numero_Tel") VALUES ('VXJG45RD7', 'Alecia', 'Dowdall', '6167878196');
INSERT INTO "Cliente" ("Numero_ID_Card", "Nome", "Cognome", "Numero_Tel") VALUES ('QFX1B27NJ', 'Corney', 'Hesse', '9333356463');
INSERT INTO "Cliente" ("Numero_ID_Card", "Nome", "Cognome", "Numero_Tel") VALUES ('0R3RGXXBB', 'Judith', 'Capener', '8499093529');
INSERT INTO "Cliente" ("Numero_ID_Card", "Nome", "Cognome", "Numero_Tel") VALUES ('GX4WOI0C8', 'Lockwood', 'St. Clair', '6918197049');
INSERT INTO "Cliente" ("Numero_ID_Card", "Nome", "Cognome", "Numero_Tel") VALUES ('1PBTJQD9X', 'Demetra', 'Arnone', '1701199250');
INSERT INTO "Cliente" ("Numero_ID_Card", "Nome", "Cognome", "Numero_Tel") VALUES ('PLAJQJ5OD', 'Denni', 'Blight', '2761710844');
INSERT INTO "Cliente" ("Numero_ID_Card", "Nome", "Cognome", "Numero_Tel") VALUES ('7ENG9SCFR', 'Daffie', 'Leddy', '4993030122');
INSERT INTO "Cliente" ("Numero_ID_Card", "Nome", "Cognome", "Numero_Tel") VALUES ('1KR668GBT', 'Rriocard', 'Leadbeater', '8687768384');
INSERT INTO "Cliente" ("Numero_ID_Card", "Nome", "Cognome", "Numero_Tel") VALUES ('FQOSDTNE2', 'Amandie', 'Basant', '5978311817');
INSERT INTO "Cliente" ("Numero_ID_Card", "Nome", "Cognome", "Numero_Tel") VALUES ('TH40XUPCF', 'Gavan', 'Van Oort', '8841279226');
INSERT INTO "Cliente" ("Numero_ID_Card", "Nome", "Cognome", "Numero_Tel") VALUES ('A7AL55P92', 'Giustina', 'Rulten', '1089113826');
INSERT INTO "Cliente" ("Numero_ID_Card", "Nome", "Cognome", "Numero_Tel") VALUES ('CL4AMRVMC', 'Hermione', 'MacNeilley', '2541111218');
INSERT INTO "Cliente" ("Numero_ID_Card", "Nome", "Cognome", "Numero_Tel") VALUES ('635ARF42E', 'Ave', 'Nisard', '8596987298');
INSERT INTO "Cliente" ("Numero_ID_Card", "Nome", "Cognome", "Numero_Tel") VALUES ('SXGRM9XFW', 'Dodi', 'Cuss', '3508549951');
INSERT INTO "Cliente" ("Numero_ID_Card", "Nome", "Cognome", "Numero_Tel") VALUES ('ZYL8DUN8K', 'Terence', 'Behnke', '7998221722');
INSERT INTO "Cliente" ("Numero_ID_Card", "Nome", "Cognome", "Numero_Tel") VALUES ('BIVMAK2TK', 'Chester', 'Allgood', '3058932019');
INSERT INTO "Cliente" ("Numero_ID_Card", "Nome", "Cognome", "Numero_Tel") VALUES ('0ASO0DAK3', 'Noelyn', 'Arkle', '4105397779');
INSERT INTO "Cliente" ("Numero_ID_Card", "Nome", "Cognome", "Numero_Tel") VALUES ('PEFO822F0', 'Miles', 'Bour', '7292536698');
INSERT INTO "Cliente" ("Numero_ID_Card", "Nome", "Cognome", "Numero_Tel") VALUES ('QELQNOHWZ', 'Franky', 'Shyre', '3916036922');
INSERT INTO "Cliente" ("Numero_ID_Card", "Nome", "Cognome", "Numero_Tel") VALUES ('N3CTLUJ5J', 'Carrol', 'Chiles', '3773117685');
INSERT INTO "Cliente" ("Numero_ID_Card", "Nome", "Cognome", "Numero_Tel") VALUES ('SLD81NGIR', 'Leonerd', 'Fleeming', '6888525066');
INSERT INTO "Cliente" ("Numero_ID_Card", "Nome", "Cognome", "Numero_Tel") VALUES ('4GUIVTLCN', 'Ivett', 'Fielder', '7187438322');
INSERT INTO "Cliente" ("Numero_ID_Card", "Nome", "Cognome", "Numero_Tel") VALUES ('J4DEWO0IY', 'Giraud', 'Blazewski', '9402785009');
INSERT INTO "Cliente" ("Numero_ID_Card", "Nome", "Cognome", "Numero_Tel") VALUES ('TEV2TRHQW', 'Linn', 'Yockley', '3574835689');
INSERT INTO "Cliente" ("Numero_ID_Card", "Nome", "Cognome", "Numero_Tel") VALUES ('BTU8RLMAA', 'Malynda', 'Kollasch', '3747320417');
INSERT INTO "Cliente" ("Numero_ID_Card", "Nome", "Cognome", "Numero_Tel") VALUES ('MZ2JXV1R2', 'Worth', 'Holley', '4832824384');
INSERT INTO "Cliente" ("Numero_ID_Card", "Nome", "Cognome", "Numero_Tel") VALUES ('V8XTRGJCB', 'Lillis', 'Domelaw', '9527431728');
INSERT INTO "Cliente" ("Numero_ID_Card", "Nome", "Cognome", "Numero_Tel") VALUES ('PIQE462V5', 'Jhonny', 'Sins', '4403611830');
INSERT INTO "Cliente" ("Numero_ID_Card", "Nome", "Cognome", "Numero_Tel") VALUES ('H1V0PSW84', 'Scot', 'Tregunnah', '2173317673');
INSERT INTO "Cliente" ("Numero_ID_Card", "Nome", "Cognome", "Numero_Tel") VALUES ('2MVKM0TBS', 'Cletis', 'Arenson', '8457131179');
INSERT INTO "Cliente" ("Numero_ID_Card", "Nome", "Cognome", "Numero_Tel") VALUES ('3X231Q7JX', 'Donelle', 'Alen', '5085412032');
INSERT INTO "Cliente" ("Numero_ID_Card", "Nome", "Cognome", "Numero_Tel") VALUES ('OKOTWYE4V', 'Nisse', 'McCathie', '7883211409');
INSERT INTO "Cliente" ("Numero_ID_Card", "Nome", "Cognome", "Numero_Tel") VALUES ('48XN5LG24', 'Fredric', 'Ockwell', '1122567793');
INSERT INTO "Cliente" ("Numero_ID_Card", "Nome", "Cognome", "Numero_Tel") VALUES ('06ZQAXJ73', 'Wileen', 'Millen', '4282694815');
INSERT INTO "Cliente" ("Numero_ID_Card", "Nome", "Cognome", "Numero_Tel") VALUES ('CW5Z1329W', 'Kimbell', 'Hitscher', '2348896554');
INSERT INTO "Cliente" ("Numero_ID_Card", "Nome", "Cognome", "Numero_Tel") VALUES ('AK1BYDLJK', 'Homerus', 'Rolance', '4606185573');
INSERT INTO "Cliente" ("Numero_ID_Card", "Nome", "Cognome", "Numero_Tel") VALUES ('STHM7R54U', 'Micheline', 'Vardy', '3458242758');
INSERT INTO "Cliente" ("Numero_ID_Card", "Nome", "Cognome", "Numero_Tel") VALUES ('RCEE4F9B9', 'Willie', 'Bernet', '8184857369');
INSERT INTO "Cliente" ("Numero_ID_Card", "Nome", "Cognome", "Numero_Tel") VALUES ('AMVCXFJRF', 'Marmaduke', 'McSkin', '2346244825');
INSERT INTO "Cliente" ("Numero_ID_Card", "Nome", "Cognome", "Numero_Tel") VALUES ('8V3AEFX7C', 'Cordie', 'Pentelo', '2354121234');
INSERT INTO "Cliente" ("Numero_ID_Card", "Nome", "Cognome", "Numero_Tel") VALUES ('4ON5AMFKU', 'Greer', 'Adrienne', '7378760329');
INSERT INTO "Cliente" ("Numero_ID_Card", "Nome", "Cognome", "Numero_Tel") VALUES ('RVI8JOVOW', 'Rurik', 'MacGown', '6426514575');
INSERT INTO "Cliente" ("Numero_ID_Card", "Nome", "Cognome", "Numero_Tel") VALUES ('1E25570TZ', 'Sutton', 'Corteney', '8697660330');
INSERT INTO "Cliente" ("Numero_ID_Card", "Nome", "Cognome", "Numero_Tel") VALUES ('PFB846S2Z', 'Dasi', 'Phillcox', '2793394932');
INSERT INTO "Cliente" ("Numero_ID_Card", "Nome", "Cognome", "Numero_Tel") VALUES ('EXVSPDTX9', 'Dalston', 'MacEnelly', '4029167771');
INSERT INTO "Cliente" ("Numero_ID_Card", "Nome", "Cognome", "Numero_Tel") VALUES ('5CZQ0QRXI', 'Rosalia', 'MacPhaden', '6021632534');
INSERT INTO "Cliente" ("Numero_ID_Card", "Nome", "Cognome", "Numero_Tel") VALUES ('83GE71OBL', 'Leshia', 'Delph', '4985173689');
INSERT INTO "Cliente" ("Numero_ID_Card", "Nome", "Cognome", "Numero_Tel") VALUES ('U2H3YO4QH', 'Lorie', 'Langcaster', '6842747092');
INSERT INTO "Cliente" ("Numero_ID_Card", "Nome", "Cognome", "Numero_Tel") VALUES ('0Q2VVXAWW', 'Janifer', 'Priestman', '1235404777');
INSERT INTO "Cliente" ("Numero_ID_Card", "Nome", "Cognome", "Numero_Tel") VALUES ('6M158WDVO', 'Ken', 'Knowlson', '7925837819');
INSERT INTO "Cliente" ("Numero_ID_Card", "Nome", "Cognome", "Numero_Tel") VALUES ('N4BYSZP29', 'Ransell', 'Morrow', '6789036365');
INSERT INTO "Cliente" ("Numero_ID_Card", "Nome", "Cognome", "Numero_Tel") VALUES ('WLXUYMOLI', 'Miranda', 'Densumbe', '8467539028');
INSERT INTO "Cliente" ("Numero_ID_Card", "Nome", "Cognome", "Numero_Tel") VALUES ('L4R02ECB3', 'Irwinn', 'Keenan', '6734580772');
INSERT INTO "Cliente" ("Numero_ID_Card", "Nome", "Cognome", "Numero_Tel") VALUES ('56B6LR753', 'Anestassia', 'Rentenbeck', '2092835181');
INSERT INTO "Cliente" ("Numero_ID_Card", "Nome", "Cognome", "Numero_Tel") VALUES ('S1XLI9M85', 'Claudell', 'Birmingham', '4517156616');
INSERT INTO "Cliente" ("Numero_ID_Card", "Nome", "Cognome", "Numero_Tel") VALUES ('16BTZLJ31', 'Pen', 'Mollene', '8061186712');
INSERT INTO "Cliente" ("Numero_ID_Card", "Nome", "Cognome", "Numero_Tel") VALUES ('1NMMR537Z', 'Sigismondo', 'Cantrell', '3636218419');
INSERT INTO "Cliente" ("Numero_ID_Card", "Nome", "Cognome", "Numero_Tel") VALUES ('J85ML4ERU', 'Urson', 'McAviy', '3895563824');
INSERT INTO "Cliente" ("Numero_ID_Card", "Nome", "Cognome", "Numero_Tel") VALUES ('A9MO2KGFV', 'Calvin', 'Tremellan', '8137233450');
INSERT INTO "Cliente" ("Numero_ID_Card", "Nome", "Cognome", "Numero_Tel") VALUES ('A9QZL2XBB', 'Mia', 'Khalifa', '6578387363');
INSERT INTO "Cliente" ("Numero_ID_Card", "Nome", "Cognome", "Numero_Tel") VALUES ('N19ITVFSN', 'Dolorita', 'Knapton', '4498869765');
INSERT INTO "Cliente" ("Numero_ID_Card", "Nome", "Cognome", "Numero_Tel") VALUES ('QUI7HDW3J', 'Gerick', 'Howells', '1113518490');
INSERT INTO "Cliente" ("Numero_ID_Card", "Nome", "Cognome", "Numero_Tel") VALUES ('VQ34JNNRI', 'Klara', 'Tarte', '1644025650');
INSERT INTO "Cliente" ("Numero_ID_Card", "Nome", "Cognome", "Numero_Tel") VALUES ('71F501X6H', 'Vi', 'Jancik', '2057606041');
INSERT INTO "Cliente" ("Numero_ID_Card", "Nome", "Cognome", "Numero_Tel") VALUES ('QDQMS9MHJ', 'Sheffield', 'Grinston', '5566400628');
INSERT INTO "Cliente" ("Numero_ID_Card", "Nome", "Cognome", "Numero_Tel") VALUES ('B9YOFPBUK', 'Felic', 'Headan', '9938514181');
INSERT INTO "Cliente" ("Numero_ID_Card", "Nome", "Cognome", "Numero_Tel") VALUES ('K1V0KUQSX', 'Stesha', 'Echallie', '6424435644');
INSERT INTO "Cliente" ("Numero_ID_Card", "Nome", "Cognome", "Numero_Tel") VALUES ('R0BYYWGW8', 'Lura', 'McRobert', '7797471656');
INSERT INTO "Cliente" ("Numero_ID_Card", "Nome", "Cognome", "Numero_Tel") VALUES ('64VPQUHCI', 'Ches', 'Goricke', '1362599497');
INSERT INTO "Cliente" ("Numero_ID_Card", "Nome", "Cognome", "Numero_Tel") VALUES ('TKRZ648MB', 'Early', 'Lindblom', '7941475750');
INSERT INTO "Cliente" ("Numero_ID_Card", "Nome", "Cognome", "Numero_Tel") VALUES ('K0O73271Q', 'Mia', 'Malkova', '3436205551');
INSERT INTO "Cliente" ("Numero_ID_Card", "Nome", "Cognome", "Numero_Tel") VALUES ('BKTNFAE70', 'Jilly', 'Rankcom', '5997150442');
INSERT INTO "Cliente" ("Numero_ID_Card", "Nome", "Cognome", "Numero_Tel") VALUES ('RXC5X7YXW', 'Felicle', 'Vahl', '8907220961');
INSERT INTO "Cliente" ("Numero_ID_Card", "Nome", "Cognome", "Numero_Tel") VALUES ('OSOSP104G', 'Carole', 'Leishman', '2227860176');
INSERT INTO "Cliente" ("Numero_ID_Card", "Nome", "Cognome", "Numero_Tel") VALUES ('ZLMNBE4RD', 'Stephenie', 'Adriaens', '1228948800');
INSERT INTO "Cliente" ("Numero_ID_Card", "Nome", "Cognome", "Numero_Tel") VALUES ('QNJJ3PGAY', 'Lyell', 'Selwin', '8502641924');
INSERT INTO "Cliente" ("Numero_ID_Card", "Nome", "Cognome", "Numero_Tel") VALUES ('9P3VUDNWR', 'Linell', 'Drysdell', '1162414870');
INSERT INTO "Cliente" ("Numero_ID_Card", "Nome", "Cognome", "Numero_Tel") VALUES ('Z3UXTQNID', 'Sigismund', 'Kleimt', '5321939189');
INSERT INTO "Cliente" ("Numero_ID_Card", "Nome", "Cognome", "Numero_Tel") VALUES ('LWDRJNSFH', 'Pooh', 'Dmych', '1527397702');
INSERT INTO "Cliente" ("Numero_ID_Card", "Nome", "Cognome", "Numero_Tel") VALUES ('XA93A13X6', 'Brion', 'Colquit', '4611728418');
INSERT INTO "Cliente" ("Numero_ID_Card", "Nome", "Cognome", "Numero_Tel") VALUES ('AJ36QHPG5', 'Axel', 'Stelfax', '5887884553');
INSERT INTO "Cliente" ("Numero_ID_Card", "Nome", "Cognome", "Numero_Tel") VALUES ('VLM5SPMRH', 'Dorris', 'Gianuzzi', '5043135454');
INSERT INTO "Cliente" ("Numero_ID_Card", "Nome", "Cognome", "Numero_Tel") VALUES ('LAU3FNPAV', 'Arleta', 'Schirok', '8578055016');
INSERT INTO "Cliente" ("Numero_ID_Card", "Nome", "Cognome", "Numero_Tel") VALUES ('3GVX1WZYO', 'Neall', 'Worg', '5865956708');
INSERT INTO "Cliente" ("Numero_ID_Card", "Nome", "Cognome", "Numero_Tel") VALUES ('D73THH2AO', 'Lionel', 'Alessandrucci', '9332702048');
INSERT INTO "Cliente" ("Numero_ID_Card", "Nome", "Cognome", "Numero_Tel") VALUES ('NBXKGVH9T', 'Devan', 'Timmes', '6943786476');
INSERT INTO "Cliente" ("Numero_ID_Card", "Nome", "Cognome", "Numero_Tel") VALUES ('5R74AGNQF', 'Bernetta', 'Palumbo', '7393304393');
INSERT INTO "Cliente" ("Numero_ID_Card", "Nome", "Cognome", "Numero_Tel") VALUES ('QIV0OZL3L', 'Glen', 'Matzeitis', '2533109674');
INSERT INTO "Cliente" ("Numero_ID_Card", "Nome", "Cognome", "Numero_Tel") VALUES ('HATFZ8ESF', 'Arlyne', 'Youthead', '3387033811');
INSERT INTO "Cliente" ("Numero_ID_Card", "Nome", "Cognome", "Numero_Tel") VALUES ('3J58DSTT7', 'Jose', 'Roget', '7688716457');
INSERT INTO "Cliente" ("Numero_ID_Card", "Nome", "Cognome", "Numero_Tel") VALUES ('7BK1658R0', 'Lorene', 'Cornilleau', '3015374128');
INSERT INTO "Cliente" ("Numero_ID_Card", "Nome", "Cognome", "Numero_Tel") VALUES ('Y2H6TZ07U', 'Cory', 'Chase', '8227074266');
INSERT INTO "Cliente" ("Numero_ID_Card", "Nome", "Cognome", "Numero_Tel") VALUES ('230WLVCR3', 'Sig', 'Vass', '9077826675');
INSERT INTO "Cliente" ("Numero_ID_Card", "Nome", "Cognome", "Numero_Tel") VALUES ('BU0X0RVUD', 'Brew', 'Harome', '6446733306');
INSERT INTO "Cliente" ("Numero_ID_Card", "Nome", "Cognome", "Numero_Tel") VALUES ('K8DEMYCQS', 'Vidovik', 'Millwater', '8232583086');
INSERT INTO "Cliente" ("Numero_ID_Card", "Nome", "Cognome", "Numero_Tel") VALUES ('Z9Y1EYFJZ', 'Gael', 'Baswall', '3971698230');
INSERT INTO "Cliente" ("Numero_ID_Card", "Nome", "Cognome", "Numero_Tel") VALUES ('1HAQWSDSU', 'Wilek', 'Pandie', '1691060567');
INSERT INTO "Cliente" ("Numero_ID_Card", "Nome", "Cognome", "Numero_Tel") VALUES ('A9AE1I88S', 'Harmonie', 'Whistance', '3611412236');
INSERT INTO "Cliente" ("Numero_ID_Card", "Nome", "Cognome", "Numero_Tel") VALUES ('PM7H6JYM6', 'Kerry', 'Camilio', '5854782235');
INSERT INTO "Cliente" ("Numero_ID_Card", "Nome", "Cognome", "Numero_Tel") VALUES ('EHHIASNTN', 'Deni', 'Bygrave', '1764830874');
INSERT INTO "Cliente" ("Numero_ID_Card", "Nome", "Cognome", "Numero_Tel") VALUES ('UAR21JODN', 'Chrisse', 'Ropp', '7452802247');
INSERT INTO "Cliente" ("Numero_ID_Card", "Nome", "Cognome", "Numero_Tel") VALUES ('YBT67AQ2F', 'Fransisco', 'Gaytor', '7084882724');
INSERT INTO "Cliente" ("Numero_ID_Card", "Nome", "Cognome", "Numero_Tel") VALUES ('NVXZ5954Q', 'Kelsey', 'MacGee', '3139274821');
INSERT INTO "Cliente" ("Numero_ID_Card", "Nome", "Cognome", "Numero_Tel") VALUES ('EQQHKAVFL', 'Bucky', 'Swindle', '8933605401');
INSERT INTO "Cliente" ("Numero_ID_Card", "Nome", "Cognome", "Numero_Tel") VALUES ('OHLAOPTPV', 'Margi', 'Vinick', '7188317579');
INSERT INTO "Cliente" ("Numero_ID_Card", "Nome", "Cognome", "Numero_Tel") VALUES ('Y4H661KDK', 'Antonie', 'Myers', '1347454230');
INSERT INTO "Cliente" ("Numero_ID_Card", "Nome", "Cognome", "Numero_Tel") VALUES ('UL5AEHH3B', 'Gretchen', 'Baddiley', '7948695293');
INSERT INTO "Cliente" ("Numero_ID_Card", "Nome", "Cognome", "Numero_Tel") VALUES ('6VCMX8EJ0', 'Lolly', 'Arntzen', '3467714933');
INSERT INTO "Cliente" ("Numero_ID_Card", "Nome", "Cognome", "Numero_Tel") VALUES ('KBH3UIWMR', 'Barbara-anne', 'MacEntee', '2295572642');
INSERT INTO "Cliente" ("Numero_ID_Card", "Nome", "Cognome", "Numero_Tel") VALUES ('K8YR9S1TO', 'Gerri', 'Badsworth', '6399226302');
INSERT INTO "Cliente" ("Numero_ID_Card", "Nome", "Cognome", "Numero_Tel") VALUES ('7ESUB4I6Y', 'Marika', 'Soot', '2392633938');
INSERT INTO "Cliente" ("Numero_ID_Card", "Nome", "Cognome", "Numero_Tel") VALUES ('S9I6HTPE6', 'Rouvin', 'Ivshin', '1618682770');
INSERT INTO "Cliente" ("Numero_ID_Card", "Nome", "Cognome", "Numero_Tel") VALUES ('4JHJF4XU8', 'Derrik', 'Jaskowicz', '3221224442');
INSERT INTO "Cliente" ("Numero_ID_Card", "Nome", "Cognome", "Numero_Tel") VALUES ('OKR0FRCJC', 'Alexis', 'Fawx', '6117048424');
INSERT INTO "Cliente" ("Numero_ID_Card", "Nome", "Cognome", "Numero_Tel") VALUES ('44GIISELM', 'Virgil', 'Hastewell', '7107984143');
INSERT INTO "Cliente" ("Numero_ID_Card", "Nome", "Cognome", "Numero_Tel") VALUES ('PB2MH5DR6', 'Dorian', 'Beadles', '9105813005');
INSERT INTO "Cliente" ("Numero_ID_Card", "Nome", "Cognome", "Numero_Tel") VALUES ('MPTZ9H6FA', 'Leah', 'Haet', '2935880687');
INSERT INTO "Cliente" ("Numero_ID_Card", "Nome", "Cognome", "Numero_Tel") VALUES ('QPRY4XLBF', 'Gilbert', 'Peche', '2033657208');
INSERT INTO "Cliente" ("Numero_ID_Card", "Nome", "Cognome", "Numero_Tel") VALUES ('BSXG982J0', 'Chrysler', 'Rudman', '3566992045');
INSERT INTO "Cliente" ("Numero_ID_Card", "Nome", "Cognome", "Numero_Tel") VALUES ('S0YXMYD0M', 'Griffie', 'Plet', '6469511067');
INSERT INTO "Cliente" ("Numero_ID_Card", "Nome", "Cognome", "Numero_Tel") VALUES ('K6XAZZQM4', 'Garik', 'Malpass', '2341231221');
INSERT INTO "Cliente" ("Numero_ID_Card", "Nome", "Cognome", "Numero_Tel") VALUES ('O9RMWDBKL', 'Lacie', 'Funnell', '4781116471');
INSERT INTO "Cliente" ("Numero_ID_Card", "Nome", "Cognome", "Numero_Tel") VALUES ('SU0W6LO1Q', 'Mel', 'Mussett', '8349055229');
INSERT INTO "Cliente" ("Numero_ID_Card", "Nome", "Cognome", "Numero_Tel") VALUES ('LQZLUVNGQ', 'Brooks', 'Backshell', '6978182624');
INSERT INTO "Cliente" ("Numero_ID_Card", "Nome", "Cognome", "Numero_Tel") VALUES ('S2WPJQPMH', 'Drugi', 'Iashvili', '4149709840');
INSERT INTO "Cliente" ("Numero_ID_Card", "Nome", "Cognome", "Numero_Tel") VALUES ('9M9Y701X8', 'Hannis', 'Pechell', '8924665874');
INSERT INTO "Cliente" ("Numero_ID_Card", "Nome", "Cognome", "Numero_Tel") VALUES ('713HR2IYU', 'Sari', 'McAreavey', '9887832330');
INSERT INTO "Cliente" ("Numero_ID_Card", "Nome", "Cognome", "Numero_Tel") VALUES ('542YEG1X9', 'Adolf', 'Seymer', '9891690458');
INSERT INTO "Cliente" ("Numero_ID_Card", "Nome", "Cognome", "Numero_Tel") VALUES ('1HZMYG85X', 'Larina', 'Mangan', '2052098817');
INSERT INTO "Cliente" ("Numero_ID_Card", "Nome", "Cognome", "Numero_Tel") VALUES ('VU72ZV2OQ', 'Jean', 'Boon', '2769964493');
INSERT INTO "Cliente" ("Numero_ID_Card", "Nome", "Cognome", "Numero_Tel") VALUES ('GS91EYILC', 'Jone', 'Jurick', '2412998545');
INSERT INTO "Cliente" ("Numero_ID_Card", "Nome", "Cognome", "Numero_Tel") VALUES ('L11JPFEED', 'Ikey', 'Treadway', '3999421285');
INSERT INTO "Cliente" ("Numero_ID_Card", "Nome", "Cognome", "Numero_Tel") VALUES ('FN3BC4WAW', 'Shane', 'Boxall', '8154280294');
INSERT INTO "Cliente" ("Numero_ID_Card", "Nome", "Cognome", "Numero_Tel") VALUES ('TTSDFQIM7', 'Torrie', 'Fraschini', '8453977471');
INSERT INTO "Cliente" ("Numero_ID_Card", "Nome", "Cognome", "Numero_Tel") VALUES ('X8EXB743P', 'Penrod', 'Loving', '7265180229');
INSERT INTO "Cliente" ("Numero_ID_Card", "Nome", "Cognome", "Numero_Tel") VALUES ('N0761J8VF', 'Art', 'Passingham', '3746462775');
INSERT INTO "Cliente" ("Numero_ID_Card", "Nome", "Cognome", "Numero_Tel") VALUES ('6D1A9XNYS', 'Skelly', 'Joderli', '9825168354');
INSERT INTO "Cliente" ("Numero_ID_Card", "Nome", "Cognome", "Numero_Tel") VALUES ('M2R8LST1K', 'Sapphire', 'Querrard', '9712717639');
INSERT INTO "Cliente" ("Numero_ID_Card", "Nome", "Cognome", "Numero_Tel") VALUES ('5N9KD3FCT', 'Lisa', 'Ann', '4068221922');
INSERT INTO "Cliente" ("Numero_ID_Card", "Nome", "Cognome", "Numero_Tel") VALUES ('FBIFOX01X', 'Clea', 'Raulston', '5498559255');
INSERT INTO "Cliente" ("Numero_ID_Card", "Nome", "Cognome", "Numero_Tel") VALUES ('MN6TGKM62', 'Connor', 'Melledy', '1951391590');
INSERT INTO "Cliente" ("Numero_ID_Card", "Nome", "Cognome", "Numero_Tel") VALUES ('JRUK8UXDE', 'Allister', 'Clelland', '4747782539');
INSERT INTO "Cliente" ("Numero_ID_Card", "Nome", "Cognome", "Numero_Tel") VALUES ('HLA9K58I3', 'Beck', 'Arden', '9629590741');
INSERT INTO "Cliente" ("Numero_ID_Card", "Nome", "Cognome", "Numero_Tel") VALUES ('8PMW5N9BC', 'Brittne', 'Marvel', '7554739844');
INSERT INTO "Cliente" ("Numero_ID_Card", "Nome", "Cognome", "Numero_Tel") VALUES ('8LWWTONF5', 'Laughton', 'Van Zon', '6627606765');
INSERT INTO "Cliente" ("Numero_ID_Card", "Nome", "Cognome", "Numero_Tel") VALUES ('R7M1O3CY3', 'Jerrylee', 'Farrey', '2454412807');
INSERT INTO "Cliente" ("Numero_ID_Card", "Nome", "Cognome", "Numero_Tel") VALUES ('9ZMZHK2QG', 'Binnie', 'Revely', '2891368987');
INSERT INTO "Cliente" ("Numero_ID_Card", "Nome", "Cognome", "Numero_Tel") VALUES ('FBFRDO09X', 'Trula', 'Playford', '5021032534');
INSERT INTO "Cliente" ("Numero_ID_Card", "Nome", "Cognome", "Numero_Tel") VALUES ('74EXBI5GO', 'Hedda', 'Stenet', '3728225632');
INSERT INTO "Cliente" ("Numero_ID_Card", "Nome", "Cognome", "Numero_Tel") VALUES ('WZ54S1WO9', 'Daryl', 'Leask', '6945717780');
INSERT INTO "Cliente" ("Numero_ID_Card", "Nome", "Cognome", "Numero_Tel") VALUES ('EZDA1JFDV', 'Liva', 'Sprade', '9726972663');
INSERT INTO "Cliente" ("Numero_ID_Card", "Nome", "Cognome", "Numero_Tel") VALUES ('LWBACSW5T', 'Hadleigh', 'Mycock', '1995076257');
INSERT INTO "Cliente" ("Numero_ID_Card", "Nome", "Cognome", "Numero_Tel") VALUES ('T5EKAKMPC', 'Madelene', 'Huntriss', '5354864049');
INSERT INTO "Cliente" ("Numero_ID_Card", "Nome", "Cognome", "Numero_Tel") VALUES ('L6DZGKO9R', 'Eldredge', 'Andrag', '8159421667');
INSERT INTO "Cliente" ("Numero_ID_Card", "Nome", "Cognome", "Numero_Tel") VALUES ('M2OSWJGS7', 'Marj', 'Fielder', '8028494232');
INSERT INTO "Cliente" ("Numero_ID_Card", "Nome", "Cognome", "Numero_Tel") VALUES ('USELAR0WY', 'Alyce', 'Aishford', '1355889492');
INSERT INTO "Cliente" ("Numero_ID_Card", "Nome", "Cognome", "Numero_Tel") VALUES ('YB1CA5K3V', 'Malory', 'Duval', '8774563108');
INSERT INTO "Cliente" ("Numero_ID_Card", "Nome", "Cognome", "Numero_Tel") VALUES ('OWOOWGMWZ', 'Emlyn', 'Playden', '6521086429');
INSERT INTO "Cliente" ("Numero_ID_Card", "Nome", "Cognome", "Numero_Tel") VALUES ('BJ1ZKIMNU', 'Rina', 'Dawbury', '7393710655');
INSERT INTO "Cliente" ("Numero_ID_Card", "Nome", "Cognome", "Numero_Tel") VALUES ('C7MBHML37', 'Lindsey', 'Le Gall', '4868483885');
INSERT INTO "Cliente" ("Numero_ID_Card", "Nome", "Cognome", "Numero_Tel") VALUES ('2THJOFLTD', 'Julieta', 'Rowlett', '4739330441');
INSERT INTO "Cliente" ("Numero_ID_Card", "Nome", "Cognome", "Numero_Tel") VALUES ('HSR13INQE', 'Caryn', 'Albin', '6289512406');
INSERT INTO "Cliente" ("Numero_ID_Card", "Nome", "Cognome", "Numero_Tel") VALUES ('ULU1L9JWZ', 'Charlotta', 'Moorhouse', '2805708250');
INSERT INTO "Cliente" ("Numero_ID_Card", "Nome", "Cognome", "Numero_Tel") VALUES ('LYIU328YJ', 'Eddie', 'Milvarnie', '1109039007');
INSERT INTO "Cliente" ("Numero_ID_Card", "Nome", "Cognome", "Numero_Tel") VALUES ('3QHPJJEBW', 'Kissee', 'Nanson', '8032648466');
INSERT INTO "Cliente" ("Numero_ID_Card", "Nome", "Cognome", "Numero_Tel") VALUES ('SF1NQBWSP', 'Lyssa', 'Laviste', '4545068020');
INSERT INTO "Cliente" ("Numero_ID_Card", "Nome", "Cognome", "Numero_Tel") VALUES ('9K1Y5SMUM', 'Rhonda', 'Mc Trusty', '1533112043');
INSERT INTO "Cliente" ("Numero_ID_Card", "Nome", "Cognome", "Numero_Tel") VALUES ('PI8PQGGX2', 'Urbain', 'Wabb', '9654489279');
INSERT INTO "Cliente" ("Numero_ID_Card", "Nome", "Cognome", "Numero_Tel") VALUES ('OF9SPAQBU', 'Clare', 'Viscovi', '1208302922');
INSERT INTO "Cliente" ("Numero_ID_Card", "Nome", "Cognome", "Numero_Tel") VALUES ('0YZLZFI8J', 'Bianca', 'Awmack', '2943720002');
INSERT INTO "Cliente" ("Numero_ID_Card", "Nome", "Cognome", "Numero_Tel") VALUES ('6KEGKKBAN', 'Clay', 'Riggott', '7945370728');
INSERT INTO "Cliente" ("Numero_ID_Card", "Nome", "Cognome", "Numero_Tel") VALUES ('KL619SEQ0', 'Sadella', 'Dudney', '7885593684');
INSERT INTO "Cliente" ("Numero_ID_Card", "Nome", "Cognome", "Numero_Tel") VALUES ('WYUI6JNYF', 'Margeaux', 'De Lorenzo', '9715811174');
INSERT INTO "Cliente" ("Numero_ID_Card", "Nome", "Cognome", "Numero_Tel") VALUES ('0THVKRTMS', 'Aurelia', 'Kurdani', '2552033813');
INSERT INTO "Cliente" ("Numero_ID_Card", "Nome", "Cognome", "Numero_Tel") VALUES ('O43I4POL1', 'Kaleena', 'Goater', '4267204348');
INSERT INTO "Cliente" ("Numero_ID_Card", "Nome", "Cognome", "Numero_Tel") VALUES ('Y4U9RRL0Z', 'Carrie', 'Pedrick', '7634648666');
INSERT INTO "Cliente" ("Numero_ID_Card", "Nome", "Cognome", "Numero_Tel") VALUES ('ILIZE3MRE', 'Maye', 'Levet', '6646382536');
INSERT INTO "Cliente" ("Numero_ID_Card", "Nome", "Cognome", "Numero_Tel") VALUES ('H2QEZHL3L', 'Druci', 'Grafton-Herbert', '3855447067');
INSERT INTO "Cliente" ("Numero_ID_Card", "Nome", "Cognome", "Numero_Tel") VALUES ('VM4OL3S2O', 'Larina', 'Nitti', '1661950870');
INSERT INTO "Cliente" ("Numero_ID_Card", "Nome", "Cognome", "Numero_Tel") VALUES ('IV6BVB559', 'Levey', 'Minards', '2273144033');
INSERT INTO "Cliente" ("Numero_ID_Card", "Nome", "Cognome", "Numero_Tel") VALUES ('1IMVZ4JN2', 'Julio', 'Roberds', '8118327719');
INSERT INTO "Cliente" ("Numero_ID_Card", "Nome", "Cognome", "Numero_Tel") VALUES ('AYWJPDBT3', 'Winnah', 'O'' Mullane', '4899986690');
INSERT INTO "Cliente" ("Numero_ID_Card", "Nome", "Cognome", "Numero_Tel") VALUES ('UNE5JCH6B', 'Sidonnie', 'Goodband', '5541767453');
INSERT INTO "Cliente" ("Numero_ID_Card", "Nome", "Cognome", "Numero_Tel") VALUES ('SANPA4I46', 'Thorvald', 'Garahan', '3354164537');
INSERT INTO "Cliente" ("Numero_ID_Card", "Nome", "Cognome", "Numero_Tel") VALUES ('TERH7CNT2', 'Nicolette', 'Shea', '9409084783');
INSERT INTO "Cliente" ("Numero_ID_Card", "Nome", "Cognome", "Numero_Tel") VALUES ('34JGS4TD4', 'Theodore', 'Coolahan', '6599556734');
INSERT INTO "Cliente" ("Numero_ID_Card", "Nome", "Cognome", "Numero_Tel") VALUES ('1RSORYM7V', 'Kristy', 'Rozalski', '9537511528');
INSERT INTO "Cliente" ("Numero_ID_Card", "Nome", "Cognome", "Numero_Tel") VALUES ('JTRBFG642', 'Mariska', 'Chanson', '6747064884');
INSERT INTO "Cliente" ("Numero_ID_Card", "Nome", "Cognome", "Numero_Tel") VALUES ('0EK31IXT5', 'Tammie', 'Adriano', '2872602589');
INSERT INTO "Cliente" ("Numero_ID_Card", "Nome", "Cognome", "Numero_Tel") VALUES ('PQ8SZ2NU0', 'Aili', 'Rubel', '3832243601');
INSERT INTO "Cliente" ("Numero_ID_Card", "Nome", "Cognome", "Numero_Tel") VALUES ('L8TG3DGLM', 'Padraig', 'Glasman', '2842466398');
INSERT INTO "Cliente" ("Numero_ID_Card", "Nome", "Cognome", "Numero_Tel") VALUES ('ES0B5ZWAJ', 'Marcello', 'Sandiford', '9198878203');
INSERT INTO "Cliente" ("Numero_ID_Card", "Nome", "Cognome", "Numero_Tel") VALUES ('DWFQM6BP9', 'Sollie', 'Georgescu', '5046980095');
INSERT INTO "Cliente" ("Numero_ID_Card", "Nome", "Cognome", "Numero_Tel") VALUES ('H651XBSRR', 'Demetra', 'Felmingham', '9378027578');
INSERT INTO "Cliente" ("Numero_ID_Card", "Nome", "Cognome", "Numero_Tel") VALUES ('CFR72QXZQ', 'Wylma', 'Ibbott', '4515385291');
INSERT INTO "Cliente" ("Numero_ID_Card", "Nome", "Cognome", "Numero_Tel") VALUES ('U1ZBKPDVM', 'Sergeant', 'Joire', '3113434390');
INSERT INTO "Cliente" ("Numero_ID_Card", "Nome", "Cognome", "Numero_Tel") VALUES ('5MBWUY9JN', 'Faye', 'Petri', '7923201197');
INSERT INTO "Cliente" ("Numero_ID_Card", "Nome", "Cognome", "Numero_Tel") VALUES ('1D6F826EX', 'Nanine', 'Perigoe', '5004260599');
INSERT INTO "Cliente" ("Numero_ID_Card", "Nome", "Cognome", "Numero_Tel") VALUES ('RRQ2ZC4LY', 'Ashli', 'McAw', '6182526868');
INSERT INTO "Cliente" ("Numero_ID_Card", "Nome", "Cognome", "Numero_Tel") VALUES ('MHA54ETQ6', 'Benedetta', 'Rubenchik', '2005406633');
INSERT INTO "Cliente" ("Numero_ID_Card", "Nome", "Cognome", "Numero_Tel") VALUES ('NGWDBFY7B', 'Sherry', 'Andresser', '1351399733');
INSERT INTO "Cliente" ("Numero_ID_Card", "Nome", "Cognome", "Numero_Tel") VALUES ('PIHBJPHE3', 'Lavina', 'Norfolk', '9302364834');
INSERT INTO "Cliente" ("Numero_ID_Card", "Nome", "Cognome", "Numero_Tel") VALUES ('Z8SJMXHAR', 'Buddy', 'Bruna', '8789663098');
INSERT INTO "Cliente" ("Numero_ID_Card", "Nome", "Cognome", "Numero_Tel") VALUES ('ULT387QYN', 'Antonie', 'Keenlayside', '6304909300');
INSERT INTO "Cliente" ("Numero_ID_Card", "Nome", "Cognome", "Numero_Tel") VALUES ('DSMTFFOWL', 'Hermione', 'Rickardsson', '9536683247');
INSERT INTO "Cliente" ("Numero_ID_Card", "Nome", "Cognome", "Numero_Tel") VALUES ('M44LK42K5', 'Darsey', 'Benedict', '6892139761');
INSERT INTO "Cliente" ("Numero_ID_Card", "Nome", "Cognome", "Numero_Tel") VALUES ('58IMZ7YE8', 'Doy', 'Dik', '2729566179');
INSERT INTO "Cliente" ("Numero_ID_Card", "Nome", "Cognome", "Numero_Tel") VALUES ('9QL3XNGHG', 'Taffy', 'Navaro', '5281633804');
INSERT INTO "Cliente" ("Numero_ID_Card", "Nome", "Cognome", "Numero_Tel") VALUES ('XYLS4SDR3', 'Teodor', 'Greenrod', '6308587798');
INSERT INTO "Cliente" ("Numero_ID_Card", "Nome", "Cognome", "Numero_Tel") VALUES ('AP9F74112', 'Lissa', 'Waite', '1004398114');
INSERT INTO "Cliente" ("Numero_ID_Card", "Nome", "Cognome", "Numero_Tel") VALUES ('QXE41DC1C', 'Roderic', 'Vuittet', '6857768910');
INSERT INTO "Cliente" ("Numero_ID_Card", "Nome", "Cognome", "Numero_Tel") VALUES ('N4Q6K1VJL', 'Raffaello', 'Jendrich', '7482893021');
INSERT INTO "Cliente" ("Numero_ID_Card", "Nome", "Cognome", "Numero_Tel") VALUES ('T7GGOHWPK', 'Madison', 'Ivy', '5014002142');
INSERT INTO "Cliente" ("Numero_ID_Card", "Nome", "Cognome", "Numero_Tel") VALUES ('ALNZ0D14H', 'Roxanna', 'Bullers', '2093037172');
INSERT INTO "Cliente" ("Numero_ID_Card", "Nome", "Cognome", "Numero_Tel") VALUES ('BG9HEN41L', 'Jacinta', 'Stote', '3976766715');
INSERT INTO "Cliente" ("Numero_ID_Card", "Nome", "Cognome", "Numero_Tel") VALUES ('86G1OTGJK', 'Susette', 'Guilloton', '8208940467');
INSERT INTO "Cliente" ("Numero_ID_Card", "Nome", "Cognome", "Numero_Tel") VALUES ('3KJF4HRF3', 'Marysa', 'Mulmuray', '9154413620');
INSERT INTO "Cliente" ("Numero_ID_Card", "Nome", "Cognome", "Numero_Tel") VALUES ('4E4M0R83K', 'Laurianne', 'Rawstorn', '2485723959');
INSERT INTO "Cliente" ("Numero_ID_Card", "Nome", "Cognome", "Numero_Tel") VALUES ('IB88028IO', 'Molly', 'Makeswell', '5743848460');
INSERT INTO "Cliente" ("Numero_ID_Card", "Nome", "Cognome", "Numero_Tel") VALUES ('RNES8TAN8', 'Dorothee', 'Gascoyen', '9489859615');
INSERT INTO "Cliente" ("Numero_ID_Card", "Nome", "Cognome", "Numero_Tel") VALUES ('62J9A353V', 'Lonni', 'Winham', '1715335778');
INSERT INTO "Cliente" ("Numero_ID_Card", "Nome", "Cognome", "Numero_Tel") VALUES ('6FR5VXVND', 'Osbourne', 'Hiddsley', '1737551394');
INSERT INTO "Cliente" ("Numero_ID_Card", "Nome", "Cognome", "Numero_Tel") VALUES ('Y7WF7VCS2', 'Sandi', 'Paulitschke', '2242710744');
INSERT INTO "Cliente" ("Numero_ID_Card", "Nome", "Cognome", "Numero_Tel") VALUES ('N2Y7RC3GV', 'Jonas', 'Willavoys', '8481273720');
INSERT INTO "Cliente" ("Numero_ID_Card", "Nome", "Cognome", "Numero_Tel") VALUES ('LVNOIAHG0', 'Early', 'Dight', '3986453326');
INSERT INTO "Cliente" ("Numero_ID_Card", "Nome", "Cognome", "Numero_Tel") VALUES ('45M3BICG0', 'Emmanuel', 'Christy', '4466504792');
INSERT INTO "Cliente" ("Numero_ID_Card", "Nome", "Cognome", "Numero_Tel") VALUES ('BHH9BSIUF', 'Hanson', 'Lochrie', '4029594131');
INSERT INTO "Cliente" ("Numero_ID_Card", "Nome", "Cognome", "Numero_Tel") VALUES ('SSPK23836', 'Mikaela', 'Casali', '3312920066');
INSERT INTO "Cliente" ("Numero_ID_Card", "Nome", "Cognome", "Numero_Tel") VALUES ('U44I51EWM', 'Aurie', 'Fancet', '6821745123');
INSERT INTO "Cliente" ("Numero_ID_Card", "Nome", "Cognome", "Numero_Tel") VALUES ('Y0PTMOWU3', 'Lambert', 'Hoofe', '7505291048');
INSERT INTO "Cliente" ("Numero_ID_Card", "Nome", "Cognome", "Numero_Tel") VALUES ('7GYTORGTY', 'Cassie', 'Doley', '8645162795');
INSERT INTO "Cliente" ("Numero_ID_Card", "Nome", "Cognome", "Numero_Tel") VALUES ('GGR7LINS9', 'Blanca', 'Wince', '1155883893');
INSERT INTO "Cliente" ("Numero_ID_Card", "Nome", "Cognome", "Numero_Tel") VALUES ('W39GNCQCY', 'Cynthy', 'Halliberton', '9494664543');
INSERT INTO "Cliente" ("Numero_ID_Card", "Nome", "Cognome", "Numero_Tel") VALUES ('ILUVVZ1O4', 'Marlin', 'Frangleton', '5095137621');
INSERT INTO "Cliente" ("Numero_ID_Card", "Nome", "Cognome", "Numero_Tel") VALUES ('0Q6KNLB82', 'Berthe', 'Avrahm', '7648603460');
INSERT INTO "Cliente" ("Numero_ID_Card", "Nome", "Cognome", "Numero_Tel") VALUES ('UVM46VRE9', 'Janaya', 'Treuge', '3533744310');
INSERT INTO "Cliente" ("Numero_ID_Card", "Nome", "Cognome", "Numero_Tel") VALUES ('6KDQXB8K8', 'Shirlee', 'Alibone', '8772016052');
INSERT INTO "Cliente" ("Numero_ID_Card", "Nome", "Cognome", "Numero_Tel") VALUES ('S64TO5J9T', 'Kristofer', 'Letchmore', '1775314495');
INSERT INTO "Cliente" ("Numero_ID_Card", "Nome", "Cognome", "Numero_Tel") VALUES ('K177VIS43', 'Brandice', 'Sackey', '8006197212');
INSERT INTO "Cliente" ("Numero_ID_Card", "Nome", "Cognome", "Numero_Tel") VALUES ('9S0OWAH6P', 'Stormie', 'Spellard', '8043508577');
INSERT INTO "Cliente" ("Numero_ID_Card", "Nome", "Cognome", "Numero_Tel") VALUES ('FRR6UMRVA', 'Alphonse', 'Bartosek', '1976584801');
INSERT INTO "Cliente" ("Numero_ID_Card", "Nome", "Cognome", "Numero_Tel") VALUES ('UV9Z2XRK0', 'Ruthi', 'Bolle', '8808406666');
INSERT INTO "Cliente" ("Numero_ID_Card", "Nome", "Cognome", "Numero_Tel") VALUES ('ZXBNIY8W1', 'Alick', 'Smooth', '7858261597');
INSERT INTO "Cliente" ("Numero_ID_Card", "Nome", "Cognome", "Numero_Tel") VALUES ('QMGB5345W', 'Kassey', 'Gallegos', '7333923326');
INSERT INTO "Cliente" ("Numero_ID_Card", "Nome", "Cognome", "Numero_Tel") VALUES ('M5R6721QT', 'Fanechka', 'Ferran', '4599115429');
INSERT INTO "Cliente" ("Numero_ID_Card", "Nome", "Cognome", "Numero_Tel") VALUES ('00HQMCKHJ', 'Kirstyn', 'Hebden', '8396683237');
INSERT INTO "Cliente" ("Numero_ID_Card", "Nome", "Cognome", "Numero_Tel") VALUES ('501MGA05W', 'Allyce', 'Kohn', '3433745444');
INSERT INTO "Cliente" ("Numero_ID_Card", "Nome", "Cognome", "Numero_Tel") VALUES ('UF5R5Y6WO', 'Aindrea', 'Milmore', '4265050252');
INSERT INTO "Cliente" ("Numero_ID_Card", "Nome", "Cognome", "Numero_Tel") VALUES ('2H2DNXTFR', 'Wandis', 'Strauss', '3154053976');
INSERT INTO "Cliente" ("Numero_ID_Card", "Nome", "Cognome", "Numero_Tel") VALUES ('3NQ77F590', 'Ophelia', 'Smiths', '7296275503');
INSERT INTO "Cliente" ("Numero_ID_Card", "Nome", "Cognome", "Numero_Tel") VALUES ('B0DNC7IB1', 'Jillane', 'Thorogood', '4473314121');
INSERT INTO "Cliente" ("Numero_ID_Card", "Nome", "Cognome", "Numero_Tel") VALUES ('6VCIMMUKL', 'Teriann', 'Euplate', '4465009482');
INSERT INTO "Cliente" ("Numero_ID_Card", "Nome", "Cognome", "Numero_Tel") VALUES ('61MP4GDDH', 'Lon', 'Davidovits', '4625069352');
INSERT INTO "Cliente" ("Numero_ID_Card", "Nome", "Cognome", "Numero_Tel") VALUES ('GMWIULCH1', 'Eda', 'Mazdon', '3187312025');
INSERT INTO "Cliente" ("Numero_ID_Card", "Nome", "Cognome", "Numero_Tel") VALUES ('0UII0S7DB', 'Antoine', 'Folan', '8284943122');
INSERT INTO "Cliente" ("Numero_ID_Card", "Nome", "Cognome", "Numero_Tel") VALUES ('3ILIXT1EM', 'Nappie', 'Glancey', '3953858841');
INSERT INTO "Cliente" ("Numero_ID_Card", "Nome", "Cognome", "Numero_Tel") VALUES ('COBC59IIH', 'Gabriellia', 'Dobrowlski', '9973046436');
INSERT INTO "Cliente" ("Numero_ID_Card", "Nome", "Cognome", "Numero_Tel") VALUES ('REKXO0ZAB', 'Hettie', 'Whitwham', '9931136083');
INSERT INTO "Cliente" ("Numero_ID_Card", "Nome", "Cognome", "Numero_Tel") VALUES ('9GR2MM7R7', 'Sal', 'Pennini', '7856436606');
INSERT INTO "Cliente" ("Numero_ID_Card", "Nome", "Cognome", "Numero_Tel") VALUES ('A6HVRCFR0', 'Nissy', 'Ladon', '7808829354');
INSERT INTO "Cliente" ("Numero_ID_Card", "Nome", "Cognome", "Numero_Tel") VALUES ('K8LRNVERK', 'Ebba', 'Behrendsen', '6499603361');
INSERT INTO "Cliente" ("Numero_ID_Card", "Nome", "Cognome", "Numero_Tel") VALUES ('LSPHHURQA', 'Teresina', 'Brocklebank', '8084095469');
INSERT INTO "Cliente" ("Numero_ID_Card", "Nome", "Cognome", "Numero_Tel") VALUES ('U9EO0BF4D', 'Raddy', 'Lawly', '1805597256');
INSERT INTO "Cliente" ("Numero_ID_Card", "Nome", "Cognome", "Numero_Tel") VALUES ('B0OKTE1D0', 'Mead', 'Roy', '1932049742');
INSERT INTO "Cliente" ("Numero_ID_Card", "Nome", "Cognome", "Numero_Tel") VALUES ('3G0G5OPGY', 'Sosanna', 'Torrans', '3805902243');
INSERT INTO "Cliente" ("Numero_ID_Card", "Nome", "Cognome", "Numero_Tel") VALUES ('KSFI1HXCA', 'Sasha', 'Hordell', '6006568865');
INSERT INTO "Cliente" ("Numero_ID_Card", "Nome", "Cognome", "Numero_Tel") VALUES ('RBJEPMLWZ', 'Demetria', 'Tainton', '5238067935');
INSERT INTO "Cliente" ("Numero_ID_Card", "Nome", "Cognome", "Numero_Tel") VALUES ('Z4IN8W9CF', 'Zerk', 'Kopje', '4578646946');
INSERT INTO "Cliente" ("Numero_ID_Card", "Nome", "Cognome", "Numero_Tel") VALUES ('SCJ69MPI7', 'Bertie', 'Hogbourne', '2524454857');
INSERT INTO "Cliente" ("Numero_ID_Card", "Nome", "Cognome", "Numero_Tel") VALUES ('DEVA1GN70', 'Rhodia', 'Dewis', '2746977228');
INSERT INTO "Cliente" ("Numero_ID_Card", "Nome", "Cognome", "Numero_Tel") VALUES ('PYXG804I1', 'Lilllie', 'Heifer', '2212798957');
INSERT INTO "Cliente" ("Numero_ID_Card", "Nome", "Cognome", "Numero_Tel") VALUES ('LB7Z787O5', 'Vaughn', 'Mockes', '4093856873');
INSERT INTO "Cliente" ("Numero_ID_Card", "Nome", "Cognome", "Numero_Tel") VALUES ('JBW7K588X', 'Beverlee', 'Coltart', '3355336782');
INSERT INTO "Cliente" ("Numero_ID_Card", "Nome", "Cognome", "Numero_Tel") VALUES ('5UO7F5KB6', 'Erskine', 'Cornall', '4924269178');
INSERT INTO "Cliente" ("Numero_ID_Card", "Nome", "Cognome", "Numero_Tel") VALUES ('4XO26V35S', 'Ivor', 'Baudasso', '7736678235');
INSERT INTO "Cliente" ("Numero_ID_Card", "Nome", "Cognome", "Numero_Tel") VALUES ('G6EPURJ2T', 'Eba', 'Blayd', '6325798881');
INSERT INTO "Cliente" ("Numero_ID_Card", "Nome", "Cognome", "Numero_Tel") VALUES ('VP76TUWWO', 'Bibbye', 'Dubock', '4855948868');
INSERT INTO "Cliente" ("Numero_ID_Card", "Nome", "Cognome", "Numero_Tel") VALUES ('W3389FG6H', 'Ynes', 'Kingsnode', '2114368787');
INSERT INTO "Cliente" ("Numero_ID_Card", "Nome", "Cognome", "Numero_Tel") VALUES ('UQFQC706D', 'Sholom', 'Coffey', '4401494515');
INSERT INTO "Cliente" ("Numero_ID_Card", "Nome", "Cognome", "Numero_Tel") VALUES ('1WZP7WL69', 'Filmer', 'Lammas', '8121072657');
INSERT INTO "Cliente" ("Numero_ID_Card", "Nome", "Cognome", "Numero_Tel") VALUES ('819SL4A5C', 'Sutherland', 'McColm', '3395760633');
INSERT INTO "Cliente" ("Numero_ID_Card", "Nome", "Cognome", "Numero_Tel") VALUES ('VQ7NQVLU8', 'Rikki', 'Castaner', '9523418358');
INSERT INTO "Cliente" ("Numero_ID_Card", "Nome", "Cognome", "Numero_Tel") VALUES ('ROZ063JG4', 'Irwin', 'Wenban', '9428813294');
INSERT INTO "Cliente" ("Numero_ID_Card", "Nome", "Cognome", "Numero_Tel") VALUES ('QK3R453D4', 'Elsbeth', 'Kaemena', '4835949495');
INSERT INTO "Cliente" ("Numero_ID_Card", "Nome", "Cognome", "Numero_Tel") VALUES ('2RN4S22UG', 'Shanda', 'Aldhouse', '5645532050');
INSERT INTO "Cliente" ("Numero_ID_Card", "Nome", "Cognome", "Numero_Tel") VALUES ('4QOLXJ3MH', 'Sean', 'Staresmeare', '5846347145');
INSERT INTO "Cliente" ("Numero_ID_Card", "Nome", "Cognome", "Numero_Tel") VALUES ('R6WZXRN1R', 'Fifi', 'Mokes', '9747148039');
INSERT INTO "Cliente" ("Numero_ID_Card", "Nome", "Cognome", "Numero_Tel") VALUES ('EGJY829YE', 'Amalita', 'Kuschel', '7585974267');
INSERT INTO "Cliente" ("Numero_ID_Card", "Nome", "Cognome", "Numero_Tel") VALUES ('64QJ76UCO', 'Bernard', 'Hallworth', '4052352633');
INSERT INTO "Cliente" ("Numero_ID_Card", "Nome", "Cognome", "Numero_Tel") VALUES ('L97B2PI3L', 'Jordi', 'El Nino', '4829883716');
INSERT INTO "Cliente" ("Numero_ID_Card", "Nome", "Cognome", "Numero_Tel") VALUES ('B058AHCWY', 'Julie', 'Westerman', '1702263001');
INSERT INTO "Cliente" ("Numero_ID_Card", "Nome", "Cognome", "Numero_Tel") VALUES ('0EY6UENF8', 'Irma', 'Nystrom', '4232222442');
INSERT INTO "Cliente" ("Numero_ID_Card", "Nome", "Cognome", "Numero_Tel") VALUES ('ADNL7RT89', 'Alexandra', 'Greenman', '6862352494');
INSERT INTO "Cliente" ("Numero_ID_Card", "Nome", "Cognome", "Numero_Tel") VALUES ('AO9SBKH82', 'Loria', 'Culp', '8523075107');
INSERT INTO "Cliente" ("Numero_ID_Card", "Nome", "Cognome", "Numero_Tel") VALUES ('F5YVZWGWO', 'Elbertine', 'Lattimore', '7545579951');
INSERT INTO "Cliente" ("Numero_ID_Card", "Nome", "Cognome", "Numero_Tel") VALUES ('2Q4QCD4HB', 'Ashla', 'Gipps', '2323551355');
INSERT INTO "Cliente" ("Numero_ID_Card", "Nome", "Cognome", "Numero_Tel") VALUES ('1BVHUYJZ1', 'Davy', 'Bannard', '6233531935');
INSERT INTO "Cliente" ("Numero_ID_Card", "Nome", "Cognome", "Numero_Tel") VALUES ('TQ3QZ6QWX', 'Rosalinde', 'Ridding', '7346384674');
INSERT INTO "Cliente" ("Numero_ID_Card", "Nome", "Cognome", "Numero_Tel") VALUES ('8IYM61M4D', 'Belvia', 'Cowitz', '3442247309');
INSERT INTO "Cliente" ("Numero_ID_Card", "Nome", "Cognome", "Numero_Tel") VALUES ('BRVYE5SAO', 'Julia', 'Cotes', '7478498458');
INSERT INTO "Cliente" ("Numero_ID_Card", "Nome", "Cognome", "Numero_Tel") VALUES ('AXNJILT4Y', 'Mortie', 'Deveraux', '7214333843');
INSERT INTO "Cliente" ("Numero_ID_Card", "Nome", "Cognome", "Numero_Tel") VALUES ('T5KQ6VEYB', 'Luz', 'Donohue', '5496802381');
INSERT INTO "Cliente" ("Numero_ID_Card", "Nome", "Cognome", "Numero_Tel") VALUES ('TTI337D71', 'Mason', 'Craigmyle', '1372229274');
INSERT INTO "Cliente" ("Numero_ID_Card", "Nome", "Cognome", "Numero_Tel") VALUES ('LVE2ZVVJ6', 'Mendel', 'Mc Queen', '6349311260');
INSERT INTO "Cliente" ("Numero_ID_Card", "Nome", "Cognome", "Numero_Tel") VALUES ('SNRPNIOH2', 'Jackquelin', 'Nolte', '9709936224');
INSERT INTO "Cliente" ("Numero_ID_Card", "Nome", "Cognome", "Numero_Tel") VALUES ('VD9A5LYE4', 'Pren', 'Connechie', '1682339477');
INSERT INTO "Cliente" ("Numero_ID_Card", "Nome", "Cognome", "Numero_Tel") VALUES ('QWKS34DGF', 'Daisie', 'Tichelaar', '9115041789');
INSERT INTO "Cliente" ("Numero_ID_Card", "Nome", "Cognome", "Numero_Tel") VALUES ('KWQ13O1CS', 'Amelita', 'Maryska', '4606512627');
INSERT INTO "Cliente" ("Numero_ID_Card", "Nome", "Cognome", "Numero_Tel") VALUES ('8N2AETORA', 'Flossi', 'Bedle', '3872687884');
INSERT INTO "Cliente" ("Numero_ID_Card", "Nome", "Cognome", "Numero_Tel") VALUES ('KZDXH6FUJ', 'Maurizio', 'Duro', '1705108137');
INSERT INTO "Cliente" ("Numero_ID_Card", "Nome", "Cognome", "Numero_Tel") VALUES ('SVN3BH1N5', 'Everett', 'Woodyatt', '7913576209');
INSERT INTO "Cliente" ("Numero_ID_Card", "Nome", "Cognome", "Numero_Tel") VALUES ('ODW9UTGTQ', 'Pearl', 'Baskerville', '5285341235');
INSERT INTO "Cliente" ("Numero_ID_Card", "Nome", "Cognome", "Numero_Tel") VALUES ('01SRCVQGM', 'Benedict', 'Tynnan', '5417312553');
INSERT INTO "Cliente" ("Numero_ID_Card", "Nome", "Cognome", "Numero_Tel") VALUES ('OQKE6NA11', 'Fergus', 'Dever', '1165260733');
INSERT INTO "Cliente" ("Numero_ID_Card", "Nome", "Cognome", "Numero_Tel") VALUES ('L65MLWO29', 'Federica', 'Heinzel', '7805779657');
INSERT INTO "Cliente" ("Numero_ID_Card", "Nome", "Cognome", "Numero_Tel") VALUES ('QR0PLTJXW', 'Drusi', 'Praill', '9659007216');
INSERT INTO "Cliente" ("Numero_ID_Card", "Nome", "Cognome", "Numero_Tel") VALUES ('RS696AKH9', 'Gardie', 'Culshaw', '2947490205');
INSERT INTO "Cliente" ("Numero_ID_Card", "Nome", "Cognome", "Numero_Tel") VALUES ('CFW4RL0Q5', 'Abigael', 'Rizzolo', '5923989666');
INSERT INTO "Cliente" ("Numero_ID_Card", "Nome", "Cognome", "Numero_Tel") VALUES ('MU4F2V4OY', 'Christalle', 'Scaice', '9197213085');
INSERT INTO "Cliente" ("Numero_ID_Card", "Nome", "Cognome", "Numero_Tel") VALUES ('PM35DXBXG', 'Eugen', 'Colclough', '7861032333');
INSERT INTO "Cliente" ("Numero_ID_Card", "Nome", "Cognome", "Numero_Tel") VALUES ('YUGBNKZKM', 'Corry', 'Monnelly', '7919767026');
INSERT INTO "Cliente" ("Numero_ID_Card", "Nome", "Cognome", "Numero_Tel") VALUES ('L27W501A3', 'Reagan', 'Foxx', '8295176441');
INSERT INTO "Cliente" ("Numero_ID_Card", "Nome", "Cognome", "Numero_Tel") VALUES ('S1E5A4W58', 'Drugi', 'Fritche', '4506109927');
INSERT INTO "Cliente" ("Numero_ID_Card", "Nome", "Cognome", "Numero_Tel") VALUES ('OYUK51SSX', 'Jackelyn', 'Ripon', '2397310973');
INSERT INTO "Cliente" ("Numero_ID_Card", "Nome", "Cognome", "Numero_Tel") VALUES ('WDXYW0JNL', 'Klarika', 'Hanhard', '2225920238');
INSERT INTO "Cliente" ("Numero_ID_Card", "Nome", "Cognome", "Numero_Tel") VALUES ('31VFV2LXD', 'Odella', 'Kelmere', '1893093716');
INSERT INTO "Cliente" ("Numero_ID_Card", "Nome", "Cognome", "Numero_Tel") VALUES ('1CL66S73G', 'Marylou', 'Patington', '2789935269');
INSERT INTO "Cliente" ("Numero_ID_Card", "Nome", "Cognome", "Numero_Tel") VALUES ('SDZ2KKONK', 'Liva', 'Garrould', '7531565446');
INSERT INTO "Cliente" ("Numero_ID_Card", "Nome", "Cognome", "Numero_Tel") VALUES ('KN9R7IS2Q', 'Adah', 'St. John', '4333234086');
INSERT INTO "Cliente" ("Numero_ID_Card", "Nome", "Cognome", "Numero_Tel") VALUES ('XC7892ZGG', 'Wayland', 'Vedenyapin', '2234227104');
INSERT INTO "Cliente" ("Numero_ID_Card", "Nome", "Cognome", "Numero_Tel") VALUES ('5ZLVZBXIY', 'Nevile', 'Serot', '5138198519');
INSERT INTO "Cliente" ("Numero_ID_Card", "Nome", "Cognome", "Numero_Tel") VALUES ('X53X8G7XF', 'Adelaida', 'Eallis', '4868170587');
INSERT INTO "Cliente" ("Numero_ID_Card", "Nome", "Cognome", "Numero_Tel") VALUES ('QLY1K5AUK', 'Valeda', 'Hawler', '3407315445');
INSERT INTO "Cliente" ("Numero_ID_Card", "Nome", "Cognome", "Numero_Tel") VALUES ('X83JIEI7H', 'Felic', 'Rengger', '7964907592');
INSERT INTO "Cliente" ("Numero_ID_Card", "Nome", "Cognome", "Numero_Tel") VALUES ('EEWSSSQ9F', 'Scarlet', 'McMeyler', '7366455197');
INSERT INTO "Cliente" ("Numero_ID_Card", "Nome", "Cognome", "Numero_Tel") VALUES ('VDDPLUPVV', 'Von', 'Desmond', '4068822037');
INSERT INTO "Cliente" ("Numero_ID_Card", "Nome", "Cognome", "Numero_Tel") VALUES ('JNI553M91', 'Thaddus', 'Ragbourne', '3736908499');
INSERT INTO "Cliente" ("Numero_ID_Card", "Nome", "Cognome", "Numero_Tel") VALUES ('XSJBO7ZND', 'Jeanette', 'Milleton', '2042040346');
INSERT INTO "Cliente" ("Numero_ID_Card", "Nome", "Cognome", "Numero_Tel") VALUES ('JIZYS294X', 'Donnie', 'Bunce', '2545017406');
INSERT INTO "Cliente" ("Numero_ID_Card", "Nome", "Cognome", "Numero_Tel") VALUES ('516WUXOYJ', 'Ealasaid', 'Delve', '1285939805');
INSERT INTO "Cliente" ("Numero_ID_Card", "Nome", "Cognome", "Numero_Tel") VALUES ('CUE5M8J08', 'Devondra', 'Tredinnick', '7939046704');
INSERT INTO "Cliente" ("Numero_ID_Card", "Nome", "Cognome", "Numero_Tel") VALUES ('2MWJNYBB7', 'Pamela', 'Mulhill', '5555633262');
INSERT INTO "Cliente" ("Numero_ID_Card", "Nome", "Cognome", "Numero_Tel") VALUES ('IA8M4F4JU', 'Ham', 'Capps', '2896326393');
INSERT INTO "Cliente" ("Numero_ID_Card", "Nome", "Cognome", "Numero_Tel") VALUES ('UX3QOBZGP', 'Terrell', 'Harnell', '2596627845');
INSERT INTO "Cliente" ("Numero_ID_Card", "Nome", "Cognome", "Numero_Tel") VALUES ('4I9T1ZT1Q', 'Kareem', 'Dermott', '5296001931');
INSERT INTO "Cliente" ("Numero_ID_Card", "Nome", "Cognome", "Numero_Tel") VALUES ('94BHFN72I', 'Lane', 'Dorgon', '6533827200');
INSERT INTO "Cliente" ("Numero_ID_Card", "Nome", "Cognome", "Numero_Tel") VALUES ('9LG0KL8V3', 'Estelle', 'Gorry', '9328435870');
INSERT INTO "Cliente" ("Numero_ID_Card", "Nome", "Cognome", "Numero_Tel") VALUES ('SH9I1AXB6', 'Sinclare', 'Tonner', '1824579417');
INSERT INTO "Cliente" ("Numero_ID_Card", "Nome", "Cognome", "Numero_Tel") VALUES ('HS3S5J2LG', 'Birch', 'Devo', '8003594930');
INSERT INTO "Cliente" ("Numero_ID_Card", "Nome", "Cognome", "Numero_Tel") VALUES ('QLD8TXWFI', 'Carley', 'Guttridge', '2009260377');
INSERT INTO "Cliente" ("Numero_ID_Card", "Nome", "Cognome", "Numero_Tel") VALUES ('9VA90WXCP', 'Saraann', 'Herculson', '8756863066');
INSERT INTO "Cliente" ("Numero_ID_Card", "Nome", "Cognome", "Numero_Tel") VALUES ('VDV42FKVZ', 'Malinda', 'Brend', '6501401083');
INSERT INTO "Cliente" ("Numero_ID_Card", "Nome", "Cognome", "Numero_Tel") VALUES ('A8M5G5MUF', 'Laura', 'Galley', '8784733155');
INSERT INTO "Cliente" ("Numero_ID_Card", "Nome", "Cognome", "Numero_Tel") VALUES ('L5SBN47JD', 'Anson', 'Pywell', '2869852219');
INSERT INTO "Cliente" ("Numero_ID_Card", "Nome", "Cognome", "Numero_Tel") VALUES ('KKXK2463J', 'Kenyon', 'Splaven', '1415379506');
INSERT INTO "Cliente" ("Numero_ID_Card", "Nome", "Cognome", "Numero_Tel") VALUES ('JD0JC2GO2', 'Aidan', 'Ropert', '8975252052');
INSERT INTO "Cliente" ("Numero_ID_Card", "Nome", "Cognome", "Numero_Tel") VALUES ('OBZ0TRL0W', 'Ava', 'Koxx', '5888520641');
INSERT INTO "Cliente" ("Numero_ID_Card", "Nome", "Cognome", "Numero_Tel") VALUES ('ASVHZ19EB', 'Roxanna', 'Hovell', '3583437547');
INSERT INTO "Cliente" ("Numero_ID_Card", "Nome", "Cognome", "Numero_Tel") VALUES ('50IGUHGM5', 'Grace', 'Bambra', '7462237277');
INSERT INTO "Cliente" ("Numero_ID_Card", "Nome", "Cognome", "Numero_Tel") VALUES ('Q7ZRD7W5R', 'Kalli', 'Greed', '6604872238');
INSERT INTO "Cliente" ("Numero_ID_Card", "Nome", "Cognome", "Numero_Tel") VALUES ('Z9JSRYWXZ', 'Hamid', 'Trayte', '1543240325');
INSERT INTO "Cliente" ("Numero_ID_Card", "Nome", "Cognome", "Numero_Tel") VALUES ('P7UMW5O83', 'Dene', 'Bravey', '1458513619');
INSERT INTO "Cliente" ("Numero_ID_Card", "Nome", "Cognome", "Numero_Tel") VALUES ('1FHAL8ZV5', 'Edd', 'Brocket', '5524907962');
INSERT INTO "Cliente" ("Numero_ID_Card", "Nome", "Cognome", "Numero_Tel") VALUES ('VPPK9C89O', 'Katharine', 'Rymell', '2454947138');
INSERT INTO "Cliente" ("Numero_ID_Card", "Nome", "Cognome", "Numero_Tel") VALUES ('QYFIVIE3K', 'Rey', 'Riddeough', '6388610572');
INSERT INTO "Cliente" ("Numero_ID_Card", "Nome", "Cognome", "Numero_Tel") VALUES ('MXRCXU334', 'Calypso', 'Petri', '4088063039');
INSERT INTO "Cliente" ("Numero_ID_Card", "Nome", "Cognome", "Numero_Tel") VALUES ('JQHS80E62', 'Cassandry', 'Carle', '5263402286');
INSERT INTO "Cliente" ("Numero_ID_Card", "Nome", "Cognome", "Numero_Tel") VALUES ('7CDMJD78S', 'Kurtis', 'Piper', '2408876209');
INSERT INTO "Cliente" ("Numero_ID_Card", "Nome", "Cognome", "Numero_Tel") VALUES ('D8JPHWIJO', 'Evania', 'Haggidon', '2496842168');
INSERT INTO "Cliente" ("Numero_ID_Card", "Nome", "Cognome", "Numero_Tel") VALUES ('4RA33A9TP', 'Con', 'Plomer', '7027293918');
INSERT INTO "Cliente" ("Numero_ID_Card", "Nome", "Cognome", "Numero_Tel") VALUES ('ZHCQ9APNB', 'Jeramie', 'Friatt', '8921795686');
INSERT INTO "Cliente" ("Numero_ID_Card", "Nome", "Cognome", "Numero_Tel") VALUES ('JV9476THV', 'Gusti', 'Goulborne', '3218791730');
INSERT INTO "Cliente" ("Numero_ID_Card", "Nome", "Cognome", "Numero_Tel") VALUES ('FT25DJAGM', 'Esra', 'Jovey', '6686202661');
INSERT INTO "Cliente" ("Numero_ID_Card", "Nome", "Cognome", "Numero_Tel") VALUES ('K6LT79N4Z', 'Hyacinthe', 'Totaro', '2447977248');
INSERT INTO "Cliente" ("Numero_ID_Card", "Nome", "Cognome", "Numero_Tel") VALUES ('6OJ2JFPCO', 'Hamnet', 'Agent', '6397054249');
INSERT INTO "Cliente" ("Numero_ID_Card", "Nome", "Cognome", "Numero_Tel") VALUES ('VP8B5GXPN', 'Lusa', 'Giffen', '8092179282');
INSERT INTO "Cliente" ("Numero_ID_Card", "Nome", "Cognome", "Numero_Tel") VALUES ('CNMJPZ3L2', 'Raimondo', 'Turri', '2324617742');
INSERT INTO "Cliente" ("Numero_ID_Card", "Nome", "Cognome", "Numero_Tel") VALUES ('GSJ8A2IOL', 'Von', 'McEnteggart', '8584791012');
INSERT INTO "Cliente" ("Numero_ID_Card", "Nome", "Cognome", "Numero_Tel") VALUES ('YT59Q0L3Z', 'Liv', 'Cocking', '5533243166');
INSERT INTO "Cliente" ("Numero_ID_Card", "Nome", "Cognome", "Numero_Tel") VALUES ('YT6BDMXEW', 'Vyky', 'Housden', '7788590805');
INSERT INTO "Cliente" ("Numero_ID_Card", "Nome", "Cognome", "Numero_Tel") VALUES ('J67UX9H5R', 'Anderson', 'Issett', '3469123578');
INSERT INTO "Cliente" ("Numero_ID_Card", "Nome", "Cognome", "Numero_Tel") VALUES ('1DLHO7XQG', 'Mac', 'Isworth', '4669901551');
INSERT INTO "Cliente" ("Numero_ID_Card", "Nome", "Cognome", "Numero_Tel") VALUES ('SZWD914E8', 'Neil', 'Ghione', '7968487241');
INSERT INTO "Cliente" ("Numero_ID_Card", "Nome", "Cognome", "Numero_Tel") VALUES ('H6TKQVHAC', 'Cariotta', 'De Meis', '7144295534');
INSERT INTO "Cliente" ("Numero_ID_Card", "Nome", "Cognome", "Numero_Tel") VALUES ('WZXPG7OCJ', 'Burr', 'Cubbini', '5575083577');
INSERT INTO "Cliente" ("Numero_ID_Card", "Nome", "Cognome", "Numero_Tel") VALUES ('O8TQVCKDX', 'Emeline', 'Grodden', '3608383385');
INSERT INTO "Cliente" ("Numero_ID_Card", "Nome", "Cognome", "Numero_Tel") VALUES ('6WES7PVSI', 'Edin', 'Dougliss', '5845036716');
INSERT INTO "Cliente" ("Numero_ID_Card", "Nome", "Cognome", "Numero_Tel") VALUES ('VX8RSQTCX', 'Mae', 'Grenter', '6554017514');
INSERT INTO "Cliente" ("Numero_ID_Card", "Nome", "Cognome", "Numero_Tel") VALUES ('8A5E45BV4', 'Georgeta', 'Polding', '1604496430');
INSERT INTO "Cliente" ("Numero_ID_Card", "Nome", "Cognome", "Numero_Tel") VALUES ('MLO2S95DC', 'Coralyn', 'Walby', '6252059900');
INSERT INTO "Cliente" ("Numero_ID_Card", "Nome", "Cognome", "Numero_Tel") VALUES ('TWOIHFRIJ', 'Quincey', 'Levane', '8083574968');
INSERT INTO "Cliente" ("Numero_ID_Card", "Nome", "Cognome", "Numero_Tel") VALUES ('JMVV7JCQ5', 'Zorine', 'Dowe', '6379860351');
INSERT INTO "Cliente" ("Numero_ID_Card", "Nome", "Cognome", "Numero_Tel") VALUES ('DTLHFAUEP', 'Page', 'Darlaston', '2301053541');
INSERT INTO "Cliente" ("Numero_ID_Card", "Nome", "Cognome", "Numero_Tel") VALUES ('1L4Q6MN9Q', 'Georgine', 'Bramwell', '9328287068');
INSERT INTO "Cliente" ("Numero_ID_Card", "Nome", "Cognome", "Numero_Tel") VALUES ('F8OZH4BHE', 'Bendix', 'Ockland', '2093940977');
INSERT INTO "Cliente" ("Numero_ID_Card", "Nome", "Cognome", "Numero_Tel") VALUES ('BUH8GOYD8', 'Sean', 'Pattullo', '1134800596');
INSERT INTO "Cliente" ("Numero_ID_Card", "Nome", "Cognome", "Numero_Tel") VALUES ('F4JXQ9GYH', 'Ailyn', 'Scouler', '7535432777');
INSERT INTO "Cliente" ("Numero_ID_Card", "Nome", "Cognome", "Numero_Tel") VALUES ('GQCEAESHP', 'Rosanne', 'Koene', '1821466167');
INSERT INTO "Cliente" ("Numero_ID_Card", "Nome", "Cognome", "Numero_Tel") VALUES ('MU7OSGSUF', 'Gerty', 'Eddowes', '6521624315');
INSERT INTO "Cliente" ("Numero_ID_Card", "Nome", "Cognome", "Numero_Tel") VALUES ('DRA2BT9SH', 'Rhody', 'Malmar', '6685853312');
INSERT INTO "Cliente" ("Numero_ID_Card", "Nome", "Cognome", "Numero_Tel") VALUES ('B5T00LT04', 'Farleigh', 'Dodworth', '6782570318');
INSERT INTO "Cliente" ("Numero_ID_Card", "Nome", "Cognome", "Numero_Tel") VALUES ('PI7QI0SCM', 'Greggory', 'Mollison', '6305092941');
INSERT INTO "Cliente" ("Numero_ID_Card", "Nome", "Cognome", "Numero_Tel") VALUES ('TGHIOOZ89', 'Blakeley', 'Janowski', '4421910362');
INSERT INTO "Cliente" ("Numero_ID_Card", "Nome", "Cognome", "Numero_Tel") VALUES ('MVF5VVBSU', 'Kennith', 'Reany', '6238130088');
INSERT INTO "Cliente" ("Numero_ID_Card", "Nome", "Cognome", "Numero_Tel") VALUES ('1TCMPNELX', 'Lurette', 'Dell Casa', '9351040705');
INSERT INTO "Cliente" ("Numero_ID_Card", "Nome", "Cognome", "Numero_Tel") VALUES ('NPTDB3RYU', 'Tynan', 'Macbeth', '1111675264');
INSERT INTO "Cliente" ("Numero_ID_Card", "Nome", "Cognome", "Numero_Tel") VALUES ('PYSQZIRS5', 'Andrea', 'Dipre', '8929289519');
INSERT INTO "Cliente" ("Numero_ID_Card", "Nome", "Cognome", "Numero_Tel") VALUES ('K637M1ID3', 'Jolie', 'Probart', '8308002585');
INSERT INTO "Cliente" ("Numero_ID_Card", "Nome", "Cognome", "Numero_Tel") VALUES ('KZ6SJ3H28', 'Rochella', 'Gutowska', '1039484308');
INSERT INTO "Cliente" ("Numero_ID_Card", "Nome", "Cognome", "Numero_Tel") VALUES ('RP2AP13VC', 'Nikolas', 'Stayte', '9197367120');
INSERT INTO "Cliente" ("Numero_ID_Card", "Nome", "Cognome", "Numero_Tel") VALUES ('41CK8E1EK', 'Merrel', 'Lumbers', '8071964209');
INSERT INTO "Cliente" ("Numero_ID_Card", "Nome", "Cognome", "Numero_Tel") VALUES ('QL8X95KYC', 'Emelyne', 'Horribine', '3954100785');
INSERT INTO "Cliente" ("Numero_ID_Card", "Nome", "Cognome", "Numero_Tel") VALUES ('ORXUXI5HB', 'Waiter', 'Lackington', '4525898810');
INSERT INTO "Cliente" ("Numero_ID_Card", "Nome", "Cognome", "Numero_Tel") VALUES ('63VX50N5V', 'Giuseppe', 'Simone', '2782175700');
INSERT INTO "Cliente" ("Numero_ID_Card", "Nome", "Cognome", "Numero_Tel") VALUES ('MID6ADSC0', 'Birgit', 'Milroy', '1705774276');
INSERT INTO "Cliente" ("Numero_ID_Card", "Nome", "Cognome", "Numero_Tel") VALUES ('QKHFF6N2E', 'Lorie', 'Clark', '6404701601');
INSERT INTO "Cliente" ("Numero_ID_Card", "Nome", "Cognome", "Numero_Tel") VALUES ('PKWBIYF9S', 'Felicle', 'Cayford', '2604874514');
INSERT INTO "Cliente" ("Numero_ID_Card", "Nome", "Cognome", "Numero_Tel") VALUES ('BVNW4JZJC', 'Teresa', 'Whitlam', '1824959886');
INSERT INTO "Cliente" ("Numero_ID_Card", "Nome", "Cognome", "Numero_Tel") VALUES ('ZF3NNLYK9', 'Dalila', 'Jurkiewicz', '6461347022');
INSERT INTO "Cliente" ("Numero_ID_Card", "Nome", "Cognome", "Numero_Tel") VALUES ('XKHMB8UIW', 'Kyle', 'Leaman', '1971221560');
INSERT INTO "Cliente" ("Numero_ID_Card", "Nome", "Cognome", "Numero_Tel") VALUES ('S4J8139Z7', 'Zarla', 'Babalola', '6406805421');
INSERT INTO "Cliente" ("Numero_ID_Card", "Nome", "Cognome", "Numero_Tel") VALUES ('RXO6HMEIJ', 'Tracey', 'Lathey', '9974807445');
INSERT INTO "Cliente" ("Numero_ID_Card", "Nome", "Cognome", "Numero_Tel") VALUES ('KUKRM4SEV', 'Earle', 'Perigoe', '6635213025');
INSERT INTO "Cliente" ("Numero_ID_Card", "Nome", "Cognome", "Numero_Tel") VALUES ('6XP2T8RNP', 'Yolane', 'Rubinowicz', '1927136045');
INSERT INTO "Cliente" ("Numero_ID_Card", "Nome", "Cognome", "Numero_Tel") VALUES ('NPEW73H0D', 'Alta', 'Brymham', '7045017768');
INSERT INTO "Cliente" ("Numero_ID_Card", "Nome", "Cognome", "Numero_Tel") VALUES ('NZOQLQVU0', 'Francois', 'Bleesing', '2545834555');
INSERT INTO "Cliente" ("Numero_ID_Card", "Nome", "Cognome", "Numero_Tel") VALUES ('9NRF56AEL', 'Nanice', 'Jikylls', '8855309830');
INSERT INTO "Cliente" ("Numero_ID_Card", "Nome", "Cognome", "Numero_Tel") VALUES ('WUYYC9NGS', 'Dorri', 'Russon', '6107808977');
INSERT INTO "Cliente" ("Numero_ID_Card", "Nome", "Cognome", "Numero_Tel") VALUES ('4S1EA4Z90', 'Eartha', 'McGinnell', '4047585379');
INSERT INTO "Cliente" ("Numero_ID_Card", "Nome", "Cognome", "Numero_Tel") VALUES ('FJEKGADIY', 'Car', 'Leather', '2137296501');
INSERT INTO "Cliente" ("Numero_ID_Card", "Nome", "Cognome", "Numero_Tel") VALUES ('MDP66ZZBV', 'Linn', 'Aizkovitch', '5625102794');
INSERT INTO "Cliente" ("Numero_ID_Card", "Nome", "Cognome", "Numero_Tel") VALUES ('DBP8NZ12G', 'Rosario', 'Muniz', '6744784178');
INSERT INTO "Cliente" ("Numero_ID_Card", "Nome", "Cognome", "Numero_Tel") VALUES ('DJOJ0JPY5', 'Ammamaria', 'Marchand', '7493029520');
INSERT INTO "Cliente" ("Numero_ID_Card", "Nome", "Cognome", "Numero_Tel") VALUES ('LFPF08AT4', 'Marcellus', 'Dicey', '9795454013');
INSERT INTO "Cliente" ("Numero_ID_Card", "Nome", "Cognome", "Numero_Tel") VALUES ('SEKINXFXQ', 'Giovanni', 'Merrgen', '3263148994');
INSERT INTO "Cliente" ("Numero_ID_Card", "Nome", "Cognome", "Numero_Tel") VALUES ('CSEEY2Q9Z', 'Thebault', 'Malthus', '2953686817');
INSERT INTO "Cliente" ("Numero_ID_Card", "Nome", "Cognome", "Numero_Tel") VALUES ('MSI292DHA', 'Truda', 'Marklow', '2573667634');
INSERT INTO "Cliente" ("Numero_ID_Card", "Nome", "Cognome", "Numero_Tel") VALUES ('KIJL0OOZ0', 'Nickolai', 'Reilinger', '6195485662');
INSERT INTO "Cliente" ("Numero_ID_Card", "Nome", "Cognome", "Numero_Tel") VALUES ('2SMKCTUJP', 'Bertina', 'Sorro', '8622376695');
INSERT INTO "Cliente" ("Numero_ID_Card", "Nome", "Cognome", "Numero_Tel") VALUES ('OY96DULMA', 'Angie', 'Benditt', '6102646485');
INSERT INTO "Cliente" ("Numero_ID_Card", "Nome", "Cognome", "Numero_Tel") VALUES ('4FWS58KM1', 'Siffre', 'Baldry', '7108813076');
INSERT INTO "Cliente" ("Numero_ID_Card", "Nome", "Cognome", "Numero_Tel") VALUES ('JFR6K9JTN', 'Shannah', 'Earney', '9395214449');
INSERT INTO "Cliente" ("Numero_ID_Card", "Nome", "Cognome", "Numero_Tel") VALUES ('SJ53M0EOS', 'Eugen', 'Foldes', '6375624792');
INSERT INTO "Cliente" ("Numero_ID_Card", "Nome", "Cognome", "Numero_Tel") VALUES ('RH4Z2L8ZH', 'Val', 'Massenhove', '4628935242');
INSERT INTO "Cliente" ("Numero_ID_Card", "Nome", "Cognome", "Numero_Tel") VALUES ('VWD6A3M55', 'Ber', 'Durrans', '5135246552');
INSERT INTO "Cliente" ("Numero_ID_Card", "Nome", "Cognome", "Numero_Tel") VALUES ('PK5D2SEU4', 'Northrop', 'Willoughby', '4566489232');
INSERT INTO "Cliente" ("Numero_ID_Card", "Nome", "Cognome", "Numero_Tel") VALUES ('2FFBBPEED', 'Aymer', 'Zecchetti', '1463962057');
INSERT INTO "Cliente" ("Numero_ID_Card", "Nome", "Cognome", "Numero_Tel") VALUES ('JYQ1MX8HR', 'Alis', 'Saunders', '7887721376');
INSERT INTO "Cliente" ("Numero_ID_Card", "Nome", "Cognome", "Numero_Tel") VALUES ('DP0Y5XBTW', 'Marillin', 'Higgan', '9039621594');
INSERT INTO "Cliente" ("Numero_ID_Card", "Nome", "Cognome", "Numero_Tel") VALUES ('D8EJVEN4S', 'Kynthia', 'Croci', '6255579021');
INSERT INTO "Cliente" ("Numero_ID_Card", "Nome", "Cognome", "Numero_Tel") VALUES ('XMSHZMORK', 'James', 'Fortey', '2371162140');
INSERT INTO "Cliente" ("Numero_ID_Card", "Nome", "Cognome", "Numero_Tel") VALUES ('XU7605BG4', 'Kailey', 'Toquet', '4292069301');
INSERT INTO "Cliente" ("Numero_ID_Card", "Nome", "Cognome", "Numero_Tel") VALUES ('RMGNEOE0G', 'Jock', 'Badham', '3403321658');
INSERT INTO "Cliente" ("Numero_ID_Card", "Nome", "Cognome", "Numero_Tel") VALUES ('QLFD245N9', 'Mame', 'Hatherleigh', '8923338868');
INSERT INTO "Cliente" ("Numero_ID_Card", "Nome", "Cognome", "Numero_Tel") VALUES ('DYNHG8K28', 'Sadye', 'Habard', '4607835745');
INSERT INTO "Cliente" ("Numero_ID_Card", "Nome", "Cognome", "Numero_Tel") VALUES ('36995FISN', 'Neel', 'Snasel', '4397564419');
INSERT INTO "Cliente" ("Numero_ID_Card", "Nome", "Cognome", "Numero_Tel") VALUES ('5MGOLWBZR', 'Alwyn', 'Cowitz', '7182701641');
INSERT INTO "Cliente" ("Numero_ID_Card", "Nome", "Cognome", "Numero_Tel") VALUES ('TVQ4ZVU5V', 'Nanete', 'Moyser', '8042342487');
INSERT INTO "Cliente" ("Numero_ID_Card", "Nome", "Cognome", "Numero_Tel") VALUES ('JCCWN84BX', 'Laurel', 'Hackey', '4473879924');
INSERT INTO "Cliente" ("Numero_ID_Card", "Nome", "Cognome", "Numero_Tel") VALUES ('BLUSU9ZD4', 'Arch', 'Purselowe', '2538835666');
INSERT INTO "Cliente" ("Numero_ID_Card", "Nome", "Cognome", "Numero_Tel") VALUES ('1T31JPT4P', 'Gustie', 'Hargie', '5658805750');
INSERT INTO "Cliente" ("Numero_ID_Card", "Nome", "Cognome", "Numero_Tel") VALUES ('7ZELKWZX6', 'Adair', 'Ourry', '3099528776');
INSERT INTO "Cliente" ("Numero_ID_Card", "Nome", "Cognome", "Numero_Tel") VALUES ('PI266KXT9', 'Chicky', 'Cardow', '1264286009');
INSERT INTO "Cliente" ("Numero_ID_Card", "Nome", "Cognome", "Numero_Tel") VALUES ('S7ZNCMYB7', 'Bunny', 'Di Baudi', '2341121229');
INSERT INTO "Cliente" ("Numero_ID_Card", "Nome", "Cognome", "Numero_Tel") VALUES ('19OQRQAXJ', 'Etienne', 'Fullard', '4892248567');
INSERT INTO "Cliente" ("Numero_ID_Card", "Nome", "Cognome", "Numero_Tel") VALUES ('3ZHML1RIU', 'Albrecht', 'McKimm', '4071543021');
INSERT INTO "Cliente" ("Numero_ID_Card", "Nome", "Cognome", "Numero_Tel") VALUES ('OA1T6797A', 'Kaylee', 'Flaws', '1186135993');
INSERT INTO "Cliente" ("Numero_ID_Card", "Nome", "Cognome", "Numero_Tel") VALUES ('U1LE0P7CO', 'Garnet', 'Rubi', '9309903236');
INSERT INTO "Cliente" ("Numero_ID_Card", "Nome", "Cognome", "Numero_Tel") VALUES ('9K881MQLD', 'Nisse', 'Wyant', '6352142986');
INSERT INTO "Cliente" ("Numero_ID_Card", "Nome", "Cognome", "Numero_Tel") VALUES ('B8TS73KKL', 'Brena', 'Flisher', '5137805385');
INSERT INTO "Cliente" ("Numero_ID_Card", "Nome", "Cognome", "Numero_Tel") VALUES ('HQNBC7VOB', 'Donetta', 'Stroobant', '9589674241');
INSERT INTO "Cliente" ("Numero_ID_Card", "Nome", "Cognome", "Numero_Tel") VALUES ('0IZ5D5PNU', 'Reginald', 'Millar', '5509938905');
INSERT INTO "Cliente" ("Numero_ID_Card", "Nome", "Cognome", "Numero_Tel") VALUES ('XR53T1MS8', 'Ertha', 'Garred', '8403542678');
INSERT INTO "Cliente" ("Numero_ID_Card", "Nome", "Cognome", "Numero_Tel") VALUES ('6C1ULBXDA', 'Barclay', 'Klesse', '5334259675');
INSERT INTO "Cliente" ("Numero_ID_Card", "Nome", "Cognome", "Numero_Tel") VALUES ('0WR39G8BP', 'Urbano', 'Frow', '1302045614');
INSERT INTO "Cliente" ("Numero_ID_Card", "Nome", "Cognome", "Numero_Tel") VALUES ('0I4HR2A7P', 'Adams', 'Starsmore', '5608685493');
INSERT INTO "Cliente" ("Numero_ID_Card", "Nome", "Cognome", "Numero_Tel") VALUES ('BQB8I2H3G', 'Bartholomeo', 'Nicklin', '4106502071');
INSERT INTO "Cliente" ("Numero_ID_Card", "Nome", "Cognome", "Numero_Tel") VALUES ('QL8S79GZY', 'Morganica', 'Reardon', '4029843805');
INSERT INTO "Cliente" ("Numero_ID_Card", "Nome", "Cognome", "Numero_Tel") VALUES ('OWEUE10GB', 'Judd', 'Stockey', '7618869197');
INSERT INTO "Cliente" ("Numero_ID_Card", "Nome", "Cognome", "Numero_Tel") VALUES ('A11PCRL5B', 'Clem', 'Stoller', '4338185079');
INSERT INTO "Cliente" ("Numero_ID_Card", "Nome", "Cognome", "Numero_Tel") VALUES ('HD9J1EX3M', 'Chloris', 'Perris', '4236338129');
INSERT INTO "Cliente" ("Numero_ID_Card", "Nome", "Cognome", "Numero_Tel") VALUES ('924LNEKHN', 'Ron', 'Luckie', '5122290238');
INSERT INTO "Cliente" ("Numero_ID_Card", "Nome", "Cognome", "Numero_Tel") VALUES ('1KCXVBDGW', 'Florian', 'Gauld', '4273201033');
INSERT INTO "Cliente" ("Numero_ID_Card", "Nome", "Cognome", "Numero_Tel") VALUES ('HUMK3SXAG', 'Sisely', 'Banstead', '6171770224');
INSERT INTO "Cliente" ("Numero_ID_Card", "Nome", "Cognome", "Numero_Tel") VALUES ('HSN24JF4K', 'Gerek', 'Campelli', '8934694455');
INSERT INTO "Cliente" ("Numero_ID_Card", "Nome", "Cognome", "Numero_Tel") VALUES ('EX73SK1SH', 'Nanete', 'Webb', '7527311634');
INSERT INTO "Cameriere" ("Nome", "Cognome", "ID_Ristorante", "Stipendio_Orario") VALUES ('Daryl', 'Fauguel', 1, 8);
INSERT INTO "Cameriere" ("Nome", "Cognome", "ID_Ristorante", "Stipendio_Orario") VALUES ('Arda', 'Allibone', 1, 11);
INSERT INTO "Cameriere" ("Nome", "Cognome", "ID_Ristorante", "Stipendio_Orario") VALUES ('Durante', 'Ninnoli', 3, 3);
INSERT INTO "Cameriere" ("Nome", "Cognome", "ID_Ristorante", "Stipendio_Orario") VALUES ('Jard', 'Twigger', 1, 3);
INSERT INTO "Cameriere" ("Nome", "Cognome", "ID_Ristorante") VALUES ('Tiebold', 'Voice', 2);
INSERT INTO "Cameriere" ("Nome", "Cognome", "ID_Ristorante") VALUES ('Caitrin', 'Osmar', 1);
INSERT INTO "Cameriere" ("Nome", "Cognome", "ID_Ristorante") VALUES ('Violetta', 'Condy', 2);
INSERT INTO "Cameriere" ("Nome", "Cognome", "ID_Ristorante") VALUES ('Iona', 'Jiroutek', 1);
INSERT INTO "Cameriere" ("Nome", "Cognome", "ID_Ristorante") VALUES ('Scarlett', 'Maleney', 1);
INSERT INTO "Cameriere" ("Nome", "Cognome", "ID_Ristorante") VALUES ('Vladimir', 'Nother', 1);
INSERT INTO "Cameriere" ("Nome", "Cognome", "ID_Ristorante") VALUES ('Thekla', 'Budgeon', 1);
INSERT INTO "Cameriere" ("Nome", "Cognome", "ID_Ristorante") VALUES ('Filmer', 'Tomkin', 3);
INSERT INTO "Cameriere" ("Nome", "Cognome", "ID_Ristorante") VALUES ('Jeno', 'McCrillis', 2);
INSERT INTO "Cameriere" ("Nome", "Cognome", "ID_Ristorante") VALUES ('Tina', 'Bauser', 1);
INSERT INTO "Cameriere" ("Nome", "Cognome", "ID_Ristorante", "Stipendio_Orario") VALUES ('Samuele', 'Turbefield', 1, 5);
INSERT INTO "Cameriere" ("Nome", "Cognome", "ID_Ristorante", "Stipendio_Orario") VALUES ('Glenn', 'Dimitru', 3, 4);
INSERT INTO "Cameriere" ("Nome", "Cognome", "ID_Ristorante", "Stipendio_Orario") VALUES ('Pammie', 'Croxley', 2, 4);
INSERT INTO "Cameriere" ("Nome", "Cognome", "ID_Ristorante") VALUES ('Lita', 'Claughton', 1);
INSERT INTO "Cameriere" ("Nome", "Cognome", "ID_Ristorante") VALUES ('Ammamaria', 'Ennew', 2);
INSERT INTO "Cameriere" ("Nome", "Cognome", "ID_Ristorante", "Stipendio_Orario") VALUES ('Ingmar', 'Badder', 2, 1);
INSERT INTO "Cameriere" ("Nome", "Cognome", "ID_Ristorante", "Stipendio_Orario") VALUES ('Olive', 'Mottley', 3, 6);
INSERT INTO "Cameriere" ("Nome", "Cognome", "ID_Ristorante") VALUES ('Alasdair', 'Checcuzzi', 2);
INSERT INTO "Cameriere" ("Nome", "Cognome", "ID_Ristorante") VALUES ('Chantalle', 'Bertwistle', 1);
INSERT INTO "Cameriere" ("Nome", "Cognome", "ID_Ristorante", "Stipendio_Orario") VALUES ('Billy', 'Hawtry', 1, 6);
INSERT INTO "Cameriere" ("Nome", "Cognome", "ID_Ristorante", "Stipendio_Orario") VALUES ('Benoit', 'Fowls', 2, 6);
INSERT INTO "Cameriere" ("Nome", "Cognome", "ID_Ristorante", "Stipendio_Orario") VALUES ('Thekla', 'Wilcock', 2, 4);
INSERT INTO "Cameriere" ("Nome", "Cognome", "ID_Ristorante", "Stipendio_Orario") VALUES ('Brandi', 'Witherow', 3, 3);
INSERT INTO "Cameriere" ("Nome", "Cognome", "ID_Ristorante") VALUES ('Hanni', 'Verrico', 2);
INSERT INTO "Cameriere" ("Nome", "Cognome", "ID_Ristorante") VALUES ('Branden', 'Meegin', 3);
INSERT INTO "Cameriere" ("Nome", "Cognome", "ID_Ristorante") VALUES ('Bone', 'West', 2);
INSERT INTO "Cameriere" ("Nome", "Cognome", "ID_Ristorante") VALUES ('Garrek', 'Lockhart', 3);
INSERT INTO "Cameriere" ("Nome", "Cognome", "ID_Ristorante", "Stipendio_Orario") VALUES ('Hugues', 'Catlin', 1, 4);
INSERT INTO "Cameriere" ("Nome", "Cognome", "ID_Ristorante") VALUES ('Marmaduke', 'Manicom', 1);
INSERT INTO "Cameriere" ("Nome", "Cognome", "ID_Ristorante", "Stipendio_Orario") VALUES ('Titus', 'Lawson', 3, 4);
INSERT INTO "Cameriere" ("Nome", "Cognome", "ID_Ristorante") VALUES ('Othelia', 'Frondt', 3);
INSERT INTO "Cameriere" ("Nome", "Cognome", "ID_Ristorante", "Stipendio_Orario") VALUES ('Loella', 'Randles', 1, 5);
INSERT INTO "Cameriere" ("Nome", "Cognome", "ID_Ristorante", "Stipendio_Orario") VALUES ('Sybilla', 'Sawkin', 2, 9);
INSERT INTO "Cameriere" ("Nome", "Cognome", "ID_Ristorante", "Stipendio_Orario") VALUES ('Vannie', 'Chubb', 2, 2);
INSERT INTO "Cameriere" ("Nome", "Cognome", "ID_Ristorante") VALUES ('Melanie', 'Bottom', 3);
INSERT INTO "Cameriere" ("Nome", "Cognome", "ID_Ristorante", "Stipendio_Orario") VALUES ('Marga', 'Seymer', 2, 6);
INSERT INTO "Cameriere" ("Nome", "Cognome", "ID_Ristorante") VALUES ('Fairlie', 'Lorrie', 3);
INSERT INTO "Cameriere" ("Nome", "Cognome", "ID_Ristorante") VALUES ('Penni', 'Cardenoso', 3);
INSERT INTO "Cameriere" ("Nome", "Cognome", "ID_Ristorante") VALUES ('Felipa', 'Woodfield', 1);
INSERT INTO "Cameriere" ("Nome", "Cognome", "ID_Ristorante", "Stipendio_Orario") VALUES ('Chrotoem', 'Sherrock', 1, 9);
INSERT INTO "Cameriere" ("Nome", "Cognome", "ID_Ristorante") VALUES ('Beauregard', 'Pirozzi', 3);
INSERT INTO "Cameriere" ("Nome", "Cognome", "ID_Ristorante", "Stipendio_Orario") VALUES ('Akim', 'Risso', 1, 5);
INSERT INTO "Cameriere" ("Nome", "Cognome", "ID_Ristorante", "Stipendio_Orario") VALUES ('Carie', 'Grigolon', 3, 4);
INSERT INTO "Cameriere" ("Nome", "Cognome", "ID_Ristorante") VALUES ('Gracie', 'Lorie', 1);
INSERT INTO "Cameriere" ("Nome", "Cognome", "ID_Ristorante") VALUES ('Eduardo', 'Moxstead', 2);
INSERT INTO "Cameriere" ("Nome", "Cognome", "ID_Ristorante") VALUES ('Gale', 'Wisniewski', 2);
INSERT INTO "Cameriere" ("Nome", "Cognome", "ID_Ristorante") VALUES ('Hastie', 'Pinel', 2);
INSERT INTO "Cameriere" ("Nome", "Cognome", "ID_Ristorante") VALUES ('Dorri', 'Roelvink', 1);
INSERT INTO "Cameriere" ("Nome", "Cognome", "ID_Ristorante", "Stipendio_Orario") VALUES ('Shermie', 'Devall', 2, 5);
INSERT INTO "Cameriere" ("Nome", "Cognome", "ID_Ristorante", "Stipendio_Orario") VALUES ('Whittaker', 'Tatford', 2, 3);
INSERT INTO "Cameriere" ("Nome", "Cognome", "ID_Ristorante", "Stipendio_Orario") VALUES ('Shamus', 'Duinbleton', 1, 2);
INSERT INTO "Cameriere" ("Nome", "Cognome", "ID_Ristorante", "Stipendio_Orario") VALUES ('Auberta', 'Scholes', 3, 7);
INSERT INTO "Cameriere" ("Nome", "Cognome", "ID_Ristorante") VALUES ('Chance', 'Tolomei', 3);
INSERT INTO "Cameriere" ("Nome", "Cognome", "ID_Ristorante") VALUES ('Job', 'Waterstone', 3);
INSERT INTO "Cameriere" ("Nome", "Cognome", "ID_Ristorante") VALUES ('Sigismond', 'Parkman', 1);
INSERT INTO "Cameriere" ("Nome", "Cognome", "ID_Ristorante") VALUES ('Jourdan', 'Simanenko', 3);
INSERT INTO "Prenotazione" ("Numero_ID", "Codice_Prenotazione") VALUES ('SANPA4I46', 125);
INSERT INTO "Prenotazione" ("Numero_ID", "Codice_Prenotazione") VALUES ('0YZLZFI8J', 13);
INSERT INTO "Prenotazione" ("Numero_ID", "Codice_Prenotazione") VALUES ('2RN4S22UG', 188);
INSERT INTO "Prenotazione" ("Numero_ID", "Codice_Prenotazione") VALUES ('LSPHHURQA', 142);
INSERT INTO "Prenotazione" ("Numero_ID", "Codice_Prenotazione") VALUES ('N3CTLUJ5J', 122);
INSERT INTO "Prenotazione" ("Numero_ID", "Codice_Prenotazione") VALUES ('1HAQWSDSU', 200);
INSERT INTO "Prenotazione" ("Numero_ID", "Codice_Prenotazione") VALUES ('SEKINXFXQ', 71);
INSERT INTO "Prenotazione" ("Numero_ID", "Codice_Prenotazione") VALUES ('A8M5G5MUF', 43);
INSERT INTO "Prenotazione" ("Numero_ID", "Codice_Prenotazione") VALUES ('Z3UXTQNID', 110);
INSERT INTO "Prenotazione" ("Numero_ID", "Codice_Prenotazione") VALUES ('B058AHCWY', 85);
INSERT INTO "Prenotazione" ("Numero_ID", "Codice_Prenotazione") VALUES ('UVM46VRE9', 60);
INSERT INTO "Prenotazione" ("Numero_ID", "Codice_Prenotazione") VALUES ('K637M1ID3', 208);
INSERT INTO "Prenotazione" ("Numero_ID", "Codice_Prenotazione") VALUES ('A8M5G5MUF', 134);
INSERT INTO "Prenotazione" ("Numero_ID", "Codice_Prenotazione") VALUES ('JYQ1MX8HR', 146);
INSERT INTO "Prenotazione" ("Numero_ID", "Codice_Prenotazione") VALUES ('B8TS73KKL', 35);
INSERT INTO "Prenotazione" ("Numero_ID", "Codice_Prenotazione") VALUES ('RMGNEOE0G', 166);
INSERT INTO "Prenotazione" ("Numero_ID", "Codice_Prenotazione") VALUES ('ZHCQ9APNB', 45);
INSERT INTO "Prenotazione" ("Numero_ID", "Codice_Prenotazione") VALUES ('KBH3UIWMR', 116);
INSERT INTO "Prenotazione" ("Numero_ID", "Codice_Prenotazione") VALUES ('NZOQLQVU0', 89);
INSERT INTO "Prenotazione" ("Numero_ID", "Codice_Prenotazione") VALUES ('6OJ2JFPCO', 40);
INSERT INTO "Prenotazione" ("Numero_ID", "Codice_Prenotazione") VALUES ('0R3RGXXBB', 54);
INSERT INTO "Prenotazione" ("Numero_ID", "Codice_Prenotazione") VALUES ('AXNJILT4Y', 61);
INSERT INTO "Prenotazione" ("Numero_ID", "Codice_Prenotazione") VALUES ('KSFI1HXCA', 109);
INSERT INTO "Prenotazione" ("Numero_ID", "Codice_Prenotazione") VALUES ('JQHS80E62', 69);
INSERT INTO "Prenotazione" ("Numero_ID", "Codice_Prenotazione") VALUES ('PEFO822F0', 113);
INSERT INTO "Prenotazione" ("Numero_ID", "Codice_Prenotazione") VALUES ('FQOSDTNE2', 28);
INSERT INTO "Prenotazione" ("Numero_ID", "Codice_Prenotazione") VALUES ('QMGB5345W', 211);
INSERT INTO "Prenotazione" ("Numero_ID", "Codice_Prenotazione") VALUES ('1KR668GBT', 124);
INSERT INTO "Prenotazione" ("Numero_ID", "Codice_Prenotazione") VALUES ('HUMK3SXAG', 11);
INSERT INTO "Prenotazione" ("Numero_ID", "Codice_Prenotazione") VALUES ('TTSDFQIM7', 84);
INSERT INTO "Prenotazione" ("Numero_ID", "Codice_Prenotazione") VALUES ('SF1NQBWSP', 164);
INSERT INTO "Prenotazione" ("Numero_ID", "Codice_Prenotazione") VALUES ('HMB3DRHRN', 92);
INSERT INTO "Prenotazione" ("Numero_ID", "Codice_Prenotazione") VALUES ('PCB37Y1F9', 69);
INSERT INTO "Prenotazione" ("Numero_ID", "Codice_Prenotazione") VALUES ('SVN3BH1N5', 52);
INSERT INTO "Prenotazione" ("Numero_ID", "Codice_Prenotazione") VALUES ('VD9A5LYE4', 121);
INSERT INTO "Prenotazione" ("Numero_ID", "Codice_Prenotazione") VALUES ('B9YOFPBUK', 74);
INSERT INTO "Prenotazione" ("Numero_ID", "Codice_Prenotazione") VALUES ('CL4AMRVMC', 41);
INSERT INTO "Prenotazione" ("Numero_ID", "Codice_Prenotazione") VALUES ('06ZQAXJ73', 69);
INSERT INTO "Prenotazione" ("Numero_ID", "Codice_Prenotazione") VALUES ('713HR2IYU', 33);
INSERT INTO "Prenotazione" ("Numero_ID", "Codice_Prenotazione") VALUES ('GX4WOI0C8', 208);
INSERT INTO "Prenotazione" ("Numero_ID", "Codice_Prenotazione") VALUES ('J67UX9H5R', 206);
INSERT INTO "Prenotazione" ("Numero_ID", "Codice_Prenotazione") VALUES ('06ZQAXJ73', 11);
INSERT INTO "Prenotazione" ("Numero_ID", "Codice_Prenotazione") VALUES ('KUKRM4SEV', 243);
INSERT INTO "Prenotazione" ("Numero_ID", "Codice_Prenotazione") VALUES ('AO9SBKH82', 89);
INSERT INTO "Prenotazione" ("Numero_ID", "Codice_Prenotazione") VALUES ('O43I4POL1', 226);
INSERT INTO "Prenotazione" ("Numero_ID", "Codice_Prenotazione") VALUES ('GY52HFSBL', 206);
INSERT INTO "Prenotazione" ("Numero_ID", "Codice_Prenotazione") VALUES ('4ON5AMFKU', 103);
INSERT INTO "Prenotazione" ("Numero_ID", "Codice_Prenotazione") VALUES ('XA93A13X6', 223);
INSERT INTO "Prenotazione" ("Numero_ID", "Codice_Prenotazione") VALUES ('2FFBBPEED', 216);
INSERT INTO "Prenotazione" ("Numero_ID", "Codice_Prenotazione") VALUES ('KSFI1HXCA', 64);
INSERT INTO "Prenotazione" ("Numero_ID", "Codice_Prenotazione") VALUES ('OWOOWGMWZ', 74);
INSERT INTO "Prenotazione" ("Numero_ID", "Codice_Prenotazione") VALUES ('7ENG9SCFR', 94);
INSERT INTO "Prenotazione" ("Numero_ID", "Codice_Prenotazione") VALUES ('8A5E45BV4', 83);
INSERT INTO "Prenotazione" ("Numero_ID", "Codice_Prenotazione") VALUES ('QLFD245N9', 171);
INSERT INTO "Prenotazione" ("Numero_ID", "Codice_Prenotazione") VALUES ('A8M5G5MUF', 228);
INSERT INTO "Prenotazione" ("Numero_ID", "Codice_Prenotazione") VALUES ('KKXK2463J', 44);
INSERT INTO "Prenotazione" ("Numero_ID", "Codice_Prenotazione") VALUES ('QFX1B27NJ', 5);
INSERT INTO "Prenotazione" ("Numero_ID", "Codice_Prenotazione") VALUES ('L65MLWO29', 23);
INSERT INTO "Prenotazione" ("Numero_ID", "Codice_Prenotazione") VALUES ('6VCMX8EJ0', 93);
INSERT INTO "Prenotazione" ("Numero_ID", "Codice_Prenotazione") VALUES ('9GR2MM7R7', 200);
INSERT INTO "Prenotazione" ("Numero_ID", "Codice_Prenotazione") VALUES ('2THJOFLTD', 160);
INSERT INTO "Prenotazione" ("Numero_ID", "Codice_Prenotazione") VALUES ('S2WPJQPMH', 117);
INSERT INTO "Prenotazione" ("Numero_ID", "Codice_Prenotazione") VALUES ('K1V0KUQSX', 249);
INSERT INTO "Prenotazione" ("Numero_ID", "Codice_Prenotazione") VALUES ('3ILIXT1EM', 53);
INSERT INTO "Prenotazione" ("Numero_ID", "Codice_Prenotazione") VALUES ('SEKINXFXQ', 100);
INSERT INTO "Prenotazione" ("Numero_ID", "Codice_Prenotazione") VALUES ('KZRZL92IW', 218);
INSERT INTO "Prenotazione" ("Numero_ID", "Codice_Prenotazione") VALUES ('FBFRDO09X', 218);
INSERT INTO "Prenotazione" ("Numero_ID", "Codice_Prenotazione") VALUES ('44GIISELM', 86);
INSERT INTO "Prenotazione" ("Numero_ID", "Codice_Prenotazione") VALUES ('K637M1ID3', 113);
INSERT INTO "Prenotazione" ("Numero_ID", "Codice_Prenotazione") VALUES ('CFW4RL0Q5', 46);
INSERT INTO "Prenotazione" ("Numero_ID", "Codice_Prenotazione") VALUES ('K6LT79N4Z', 149);
INSERT INTO "Prenotazione" ("Numero_ID", "Codice_Prenotazione") VALUES ('0UII0S7DB', 32);
INSERT INTO "Prenotazione" ("Numero_ID", "Codice_Prenotazione") VALUES ('DJOJ0JPY5', 180);
INSERT INTO "Prenotazione" ("Numero_ID", "Codice_Prenotazione") VALUES ('16BTZLJ31', 215);
INSERT INTO "Prenotazione" ("Numero_ID", "Codice_Prenotazione") VALUES ('EGJY829YE', 48);
INSERT INTO "Prenotazione" ("Numero_ID", "Codice_Prenotazione") VALUES ('5MGOLWBZR', 249);
INSERT INTO "Prenotazione" ("Numero_ID", "Codice_Prenotazione") VALUES ('EHHIASNTN', 207);
INSERT INTO "Prenotazione" ("Numero_ID", "Codice_Prenotazione") VALUES ('BIVMAK2TK', 100);
INSERT INTO "Prenotazione" ("Numero_ID", "Codice_Prenotazione") VALUES ('MXRCXU334', 89);
INSERT INTO "Prenotazione" ("Numero_ID", "Codice_Prenotazione") VALUES ('VWD6A3M55', 44);
INSERT INTO "Prenotazione" ("Numero_ID", "Codice_Prenotazione") VALUES ('D8JPHWIJO', 218);
INSERT INTO "Prenotazione" ("Numero_ID", "Codice_Prenotazione") VALUES ('L8TG3DGLM', 96);
INSERT INTO "Prenotazione" ("Numero_ID", "Codice_Prenotazione") VALUES ('OA1T6797A', 141);
INSERT INTO "Prenotazione" ("Numero_ID", "Codice_Prenotazione") VALUES ('K637M1ID3', 213);
INSERT INTO "Prenotazione" ("Numero_ID", "Codice_Prenotazione") VALUES ('N3CTLUJ5J', 12);
INSERT INTO "Prenotazione" ("Numero_ID", "Codice_Prenotazione") VALUES ('L8TG3DGLM', 19);
INSERT INTO "Prenotazione" ("Numero_ID", "Codice_Prenotazione") VALUES ('OWOOWGMWZ', 182);
INSERT INTO "Prenotazione" ("Numero_ID", "Codice_Prenotazione") VALUES ('63VX50N5V', 67);
INSERT INTO "Prenotazione" ("Numero_ID", "Codice_Prenotazione") VALUES ('6OJ2JFPCO', 120);
INSERT INTO "Prenotazione" ("Numero_ID", "Codice_Prenotazione") VALUES ('56B6LR753', 131);
INSERT INTO "Prenotazione" ("Numero_ID", "Codice_Prenotazione") VALUES ('ORXUXI5HB', 163);
INSERT INTO "Prenotazione" ("Numero_ID", "Codice_Prenotazione") VALUES ('L5SBN47JD', 114);
INSERT INTO "Prenotazione" ("Numero_ID", "Codice_Prenotazione") VALUES ('7ZELKWZX6', 219);
INSERT INTO "Prenotazione" ("Numero_ID", "Codice_Prenotazione") VALUES ('LVE2ZVVJ6', 28);
INSERT INTO "Prenotazione" ("Numero_ID", "Codice_Prenotazione") VALUES ('VLM5SPMRH', 32);
INSERT INTO "Prenotazione" ("Numero_ID", "Codice_Prenotazione") VALUES ('AXNJILT4Y', 4);
INSERT INTO "Prenotazione" ("Numero_ID", "Codice_Prenotazione") VALUES ('U2H3YO4QH', 95);
INSERT INTO "Prenotazione" ("Numero_ID", "Codice_Prenotazione") VALUES ('MSI292DHA', 168);
INSERT INTO "Prenotazione" ("Numero_ID", "Codice_Prenotazione") VALUES ('3QHPJJEBW', 219);
INSERT INTO "Prenotazione" ("Numero_ID", "Codice_Prenotazione") VALUES ('VPPK9C89O', 135);
INSERT INTO "Prenotazione" ("Numero_ID", "Codice_Prenotazione") VALUES ('9GR2MM7R7', 167);
INSERT INTO "Prenotazione" ("Numero_ID", "Codice_Prenotazione") VALUES ('AMVCXFJRF', 68);
INSERT INTO "Prenotazione" ("Numero_ID", "Codice_Prenotazione") VALUES ('STHM7R54U', 47);
INSERT INTO "Prenotazione" ("Numero_ID", "Codice_Prenotazione") VALUES ('X83JIEI7H', 155);
INSERT INTO "Prenotazione" ("Numero_ID", "Codice_Prenotazione") VALUES ('PI7QI0SCM', 167);
INSERT INTO "Prenotazione" ("Numero_ID", "Codice_Prenotazione") VALUES ('4FWS58KM1', 153);
INSERT INTO "Prenotazione" ("Numero_ID", "Codice_Prenotazione") VALUES ('41CK8E1EK', 176);
INSERT INTO "Prenotazione" ("Numero_ID", "Codice_Prenotazione") VALUES ('XR53T1MS8', 120);
INSERT INTO "Prenotazione" ("Numero_ID", "Codice_Prenotazione") VALUES ('1DLHO7XQG', 7);
INSERT INTO "Prenotazione" ("Numero_ID", "Codice_Prenotazione") VALUES ('Z9JSRYWXZ', 203);
INSERT INTO "Prenotazione" ("Numero_ID", "Codice_Prenotazione") VALUES ('A9QZL2XBB', 160);
INSERT INTO "Prenotazione" ("Numero_ID", "Codice_Prenotazione") VALUES ('MSI292DHA', 82);
INSERT INTO "Prenotazione" ("Numero_ID", "Codice_Prenotazione") VALUES ('JCCWN84BX', 115);
INSERT INTO "Prenotazione" ("Numero_ID", "Codice_Prenotazione") VALUES ('QELQNOHWZ', 240);
INSERT INTO "Prenotazione" ("Numero_ID", "Codice_Prenotazione") VALUES ('OA1T6797A', 71);
INSERT INTO "Prenotazione" ("Numero_ID", "Codice_Prenotazione") VALUES ('W39GNCQCY', 1);
INSERT INTO "Prenotazione" ("Numero_ID", "Codice_Prenotazione") VALUES ('MXRCXU334', 176);
INSERT INTO "Prenotazione" ("Numero_ID", "Codice_Prenotazione") VALUES ('VWD6A3M55', 114);
INSERT INTO "Prenotazione" ("Numero_ID", "Codice_Prenotazione") VALUES ('6C1ULBXDA', 81);
INSERT INTO "Prenotazione" ("Numero_ID", "Codice_Prenotazione") VALUES ('GSJ8A2IOL', 115);
INSERT INTO "Prenotazione" ("Numero_ID", "Codice_Prenotazione") VALUES ('B9YOFPBUK', 222);
INSERT INTO "Prenotazione" ("Numero_ID", "Codice_Prenotazione") VALUES ('N0761J8VF', 4);
INSERT INTO "Prenotazione" ("Numero_ID", "Codice_Prenotazione") VALUES ('LVE2ZVVJ6', 175);
INSERT INTO "Prenotazione" ("Numero_ID", "Codice_Prenotazione") VALUES ('GGR7LINS9', 150);
INSERT INTO "Prenotazione" ("Numero_ID", "Codice_Prenotazione") VALUES ('7CDMJD78S', 16);
INSERT INTO "Prenotazione" ("Numero_ID", "Codice_Prenotazione") VALUES ('USELAR0WY', 160);
INSERT INTO "Prenotazione" ("Numero_ID", "Codice_Prenotazione") VALUES ('AK1BYDLJK', 50);
INSERT INTO "Prenotazione" ("Numero_ID", "Codice_Prenotazione") VALUES ('1PBTJQD9X', 33);
INSERT INTO "Prenotazione" ("Numero_ID", "Codice_Prenotazione") VALUES ('X8EXB743P', 178);
INSERT INTO "Prenotazione" ("Numero_ID", "Codice_Prenotazione") VALUES ('8LWWTONF5', 229);
INSERT INTO "Prenotazione" ("Numero_ID", "Codice_Prenotazione") VALUES ('TWO21TJYA', 162);
INSERT INTO "Prenotazione" ("Numero_ID", "Codice_Prenotazione") VALUES ('LVNOIAHG0', 18);
INSERT INTO "Prenotazione" ("Numero_ID", "Codice_Prenotazione") VALUES ('JCCWN84BX', 138);
INSERT INTO "Prenotazione" ("Numero_ID", "Codice_Prenotazione") VALUES ('JCCWN84BX', 13);
INSERT INTO "Prenotazione" ("Numero_ID", "Codice_Prenotazione") VALUES ('VD9A5LYE4', 140);
INSERT INTO "Prenotazione" ("Numero_ID", "Codice_Prenotazione") VALUES ('K8LRNVERK', 55);
INSERT INTO "Prenotazione" ("Numero_ID", "Codice_Prenotazione") VALUES ('9M9Y701X8', 217);
INSERT INTO "Prenotazione" ("Numero_ID", "Codice_Prenotazione") VALUES ('0EK31IXT5', 102);
INSERT INTO "Prenotazione" ("Numero_ID", "Codice_Prenotazione") VALUES ('1E25570TZ', 178);
INSERT INTO "Prenotazione" ("Numero_ID", "Codice_Prenotazione") VALUES ('W39GNCQCY', 194);
INSERT INTO "Prenotazione" ("Numero_ID", "Codice_Prenotazione") VALUES ('PCB37Y1F9', 47);
INSERT INTO "Prenotazione" ("Numero_ID", "Codice_Prenotazione") VALUES ('3NQ77F590', 223);
INSERT INTO "Prenotazione" ("Numero_ID", "Codice_Prenotazione") VALUES ('KIJL0OOZ0', 29);
INSERT INTO "Prenotazione" ("Numero_ID", "Codice_Prenotazione") VALUES ('SJ53M0EOS', 158);
INSERT INTO "Prenotazione" ("Numero_ID", "Codice_Prenotazione") VALUES ('S2WPJQPMH', 160);
INSERT INTO "Prenotazione" ("Numero_ID", "Codice_Prenotazione") VALUES ('LFPF08AT4', 201);
INSERT INTO "Prenotazione" ("Numero_ID", "Codice_Prenotazione") VALUES ('TVQ4ZVU5V', 139);
INSERT INTO "Prenotazione" ("Numero_ID", "Codice_Prenotazione") VALUES ('1T31JPT4P', 137);
INSERT INTO "Prenotazione" ("Numero_ID", "Codice_Prenotazione") VALUES ('48XN5LG24', 105);
INSERT INTO "Prenotazione" ("Numero_ID", "Codice_Prenotazione") VALUES ('KZSUAXL02', 5);
INSERT INTO "Prenotazione" ("Numero_ID", "Codice_Prenotazione") VALUES ('1BVHUYJZ1', 175);
INSERT INTO "Prenotazione" ("Numero_ID", "Codice_Prenotazione") VALUES ('TGHIOOZ89', 31);
INSERT INTO "Prenotazione" ("Numero_ID", "Codice_Prenotazione") VALUES ('X53X8G7XF', 98);
INSERT INTO "Prenotazione" ("Numero_ID", "Codice_Prenotazione") VALUES ('0EY6UENF8', 126);
INSERT INTO "Prenotazione" ("Numero_ID", "Codice_Prenotazione") VALUES ('924LNEKHN', 99);
INSERT INTO "Prenotazione" ("Numero_ID", "Codice_Prenotazione") VALUES ('1NMMR537Z', 19);
INSERT INTO "Prenotazione" ("Numero_ID", "Codice_Prenotazione") VALUES ('01SRCVQGM', 62);
INSERT INTO "Prenotazione" ("Numero_ID", "Codice_Prenotazione") VALUES ('J85ML4ERU', 207);
INSERT INTO "Prenotazione" ("Numero_ID", "Codice_Prenotazione") VALUES ('64VPQUHCI', 55);
INSERT INTO "Prenotazione" ("Numero_ID", "Codice_Prenotazione") VALUES ('V8XTRGJCB', 222);
INSERT INTO "Prenotazione" ("Numero_ID", "Codice_Prenotazione") VALUES ('HK3L2ORC4', 157);
INSERT INTO "Prenotazione" ("Numero_ID", "Codice_Prenotazione") VALUES ('TVQ4ZVU5V', 86);
INSERT INTO "Prenotazione" ("Numero_ID", "Codice_Prenotazione") VALUES ('S9I6HTPE6', 40);
INSERT INTO "Prenotazione" ("Numero_ID", "Codice_Prenotazione") VALUES ('9ZMZHK2QG', 150);
INSERT INTO "Prenotazione" ("Numero_ID", "Codice_Prenotazione") VALUES ('6FR5VXVND', 36);
INSERT INTO "Prenotazione" ("Numero_ID", "Codice_Prenotazione") VALUES ('41CK8E1EK', 244);
INSERT INTO "Prenotazione" ("Numero_ID", "Codice_Prenotazione") VALUES ('H2QEZHL3L', 52);
INSERT INTO "Prenotazione" ("Numero_ID", "Codice_Prenotazione") VALUES ('7CDMJD78S', 98);
INSERT INTO "Prenotazione" ("Numero_ID", "Codice_Prenotazione") VALUES ('J4DEWO0IY', 236);
INSERT INTO "Prenotazione" ("Numero_ID", "Codice_Prenotazione") VALUES ('BTU8RLMAA', 171);
INSERT INTO "Prenotazione" ("Numero_ID", "Codice_Prenotazione") VALUES ('EGJY829YE', 80);
INSERT INTO "Prenotazione" ("Numero_ID", "Codice_Prenotazione") VALUES ('Z8SJMXHAR', 78);
INSERT INTO "Prenotazione" ("Numero_ID", "Codice_Prenotazione") VALUES ('A6HVRCFR0', 169);
INSERT INTO "Prenotazione" ("Numero_ID", "Codice_Prenotazione") VALUES ('VLM5SPMRH', 190);
INSERT INTO "Prenotazione" ("Numero_ID", "Codice_Prenotazione") VALUES ('LFPF08AT4', 97);
INSERT INTO "Prenotazione" ("Numero_ID", "Codice_Prenotazione") VALUES ('RXO6HMEIJ', 214);
INSERT INTO "Prenotazione" ("Numero_ID", "Codice_Prenotazione") VALUES ('GQCEAESHP', 89);
INSERT INTO "Prenotazione" ("Numero_ID", "Codice_Prenotazione") VALUES ('QIV0OZL3L', 226);
INSERT INTO "Prenotazione" ("Numero_ID", "Codice_Prenotazione") VALUES ('W3389FG6H', 51);
INSERT INTO "Prenotazione" ("Numero_ID", "Codice_Prenotazione") VALUES ('31VFV2LXD', 189);
INSERT INTO "Prenotazione" ("Numero_ID", "Codice_Prenotazione") VALUES ('A11PCRL5B', 207);
INSERT INTO "Prenotazione" ("Numero_ID", "Codice_Prenotazione") VALUES ('V8XTRGJCB', 28);
INSERT INTO "Prenotazione" ("Numero_ID", "Codice_Prenotazione") VALUES ('Y2H6TZ07U', 166);
INSERT INTO "Prenotazione" ("Numero_ID", "Codice_Prenotazione") VALUES ('OQKE6NA11', 82);
INSERT INTO "Prenotazione" ("Numero_ID", "Codice_Prenotazione") VALUES ('PIHBJPHE3', 101);
INSERT INTO "Prenotazione" ("Numero_ID", "Codice_Prenotazione") VALUES ('TWO21TJYA', 183);
INSERT INTO "Prenotazione" ("Numero_ID", "Codice_Prenotazione") VALUES ('AMVCXFJRF', 32);
INSERT INTO "Prenotazione" ("Numero_ID", "Codice_Prenotazione") VALUES ('GY52HFSBL', 80);
INSERT INTO "Prenotazione" ("Numero_ID", "Codice_Prenotazione") VALUES ('3ZHML1RIU', 34);
INSERT INTO "Prenotazione" ("Numero_ID", "Codice_Prenotazione") VALUES ('HS3S5J2LG', 134);
INSERT INTO "Prenotazione" ("Numero_ID", "Codice_Prenotazione") VALUES ('ILUVVZ1O4', 190);
INSERT INTO "Prenotazione" ("Numero_ID", "Codice_Prenotazione") VALUES ('MSI292DHA', 91);
INSERT INTO "Prenotazione" ("Numero_ID", "Codice_Prenotazione") VALUES ('6KDQXB8K8', 108);
INSERT INTO "Prenotazione" ("Numero_ID", "Codice_Prenotazione") VALUES ('SIGO4TLIN', 36);
INSERT INTO "Prenotazione" ("Numero_ID", "Codice_Prenotazione") VALUES ('QR0PLTJXW', 222);
INSERT INTO "Prenotazione" ("Numero_ID", "Codice_Prenotazione") VALUES ('J4DEWO0IY', 195);
INSERT INTO "Prenotazione" ("Numero_ID", "Codice_Prenotazione") VALUES ('Z3UXTQNID', 11);
INSERT INTO "Prenotazione" ("Numero_ID", "Codice_Prenotazione") VALUES ('OKR0FRCJC', 35);
INSERT INTO "Prenotazione" ("Numero_ID", "Codice_Prenotazione") VALUES ('RVI8JOVOW', 30);
INSERT INTO "Prenotazione" ("Numero_ID", "Codice_Prenotazione") VALUES ('QLY1K5AUK', 11);
INSERT INTO "Prenotazione" ("Numero_ID", "Codice_Prenotazione") VALUES ('Z3UXTQNID', 3);
INSERT INTO "Prenotazione" ("Numero_ID", "Codice_Prenotazione") VALUES ('BJ1ZKIMNU', 25);
INSERT INTO "Prenotazione" ("Numero_ID", "Codice_Prenotazione") VALUES ('OA1T6797A', 225);
INSERT INTO "Prenotazione" ("Numero_ID", "Codice_Prenotazione") VALUES ('1FHAL8ZV5', 95);
INSERT INTO "Prenotazione" ("Numero_ID", "Codice_Prenotazione") VALUES ('1HAQWSDSU', 224);
INSERT INTO "Prenotazione" ("Numero_ID", "Codice_Prenotazione") VALUES ('5N9KD3FCT', 16);
INSERT INTO "Prenotazione" ("Numero_ID", "Codice_Prenotazione") VALUES ('Z3UXTQNID', 248);
INSERT INTO "Prenotazione" ("Numero_ID", "Codice_Prenotazione") VALUES ('1L4Q6MN9Q', 3);
INSERT INTO "Prenotazione" ("Numero_ID", "Codice_Prenotazione") VALUES ('RRQ2ZC4LY', 30);
INSERT INTO "Prenotazione" ("Numero_ID", "Codice_Prenotazione") VALUES ('WDXYW0JNL', 66);
INSERT INTO "Prenotazione" ("Numero_ID", "Codice_Prenotazione") VALUES ('1TCMPNELX', 151);
INSERT INTO "Prenotazione" ("Numero_ID", "Codice_Prenotazione") VALUES ('MPTZ9H6FA', 4);
INSERT INTO "Prenotazione" ("Numero_ID", "Codice_Prenotazione") VALUES ('NZOQLQVU0', 75);
INSERT INTO "Prenotazione" ("Numero_ID", "Codice_Prenotazione") VALUES ('74EXBI5GO', 117);
INSERT INTO "Prenotazione" ("Numero_ID", "Codice_Prenotazione") VALUES ('3J58DSTT7', 98);
INSERT INTO "Prenotazione" ("Numero_ID", "Codice_Prenotazione") VALUES ('U1LE0P7CO', 157);
INSERT INTO "Prenotazione" ("Numero_ID", "Codice_Prenotazione") VALUES ('S7ZNCMYB7', 88);
INSERT INTO "Prenotazione" ("Numero_ID", "Codice_Prenotazione") VALUES ('VXJG45RD7', 217);
INSERT INTO "Prenotazione" ("Numero_ID", "Codice_Prenotazione") VALUES ('S4J8139Z7', 55);
INSERT INTO "Prenotazione" ("Numero_ID", "Codice_Prenotazione") VALUES ('1D6F826EX', 155);
INSERT INTO "Prenotazione" ("Numero_ID", "Codice_Prenotazione") VALUES ('0THVKRTMS', 58);
INSERT INTO "Prenotazione" ("Numero_ID", "Codice_Prenotazione") VALUES ('6WES7PVSI', 161);
INSERT INTO "Prenotazione" ("Numero_ID", "Codice_Prenotazione") VALUES ('MHA54ETQ6', 108);
INSERT INTO "Prenotazione" ("Numero_ID", "Codice_Prenotazione") VALUES ('B0DNC7IB1', 12);
INSERT INTO "Prenotazione" ("Numero_ID", "Codice_Prenotazione") VALUES ('1TCMPNELX', 15);
INSERT INTO "Prenotazione" ("Numero_ID", "Codice_Prenotazione") VALUES ('S64TO5J9T', 100);
INSERT INTO "Prenotazione" ("Numero_ID", "Codice_Prenotazione") VALUES ('EZDA1JFDV', 119);
INSERT INTO "Prenotazione" ("Numero_ID", "Codice_Prenotazione") VALUES ('YT59Q0L3Z', 65);
INSERT INTO "Prenotazione" ("Numero_ID", "Codice_Prenotazione") VALUES ('YUGBNKZKM', 51);
INSERT INTO "Prenotazione" ("Numero_ID", "Codice_Prenotazione") VALUES ('XKHMB8UIW', 148);
INSERT INTO "Prenotazione" ("Numero_ID", "Codice_Prenotazione") VALUES ('K6LT79N4Z', 204);
INSERT INTO "Prenotazione" ("Numero_ID", "Codice_Prenotazione") VALUES ('VLM5SPMRH', 125);
INSERT INTO "Prenotazione" ("Numero_ID", "Codice_Prenotazione") VALUES ('OYUK51SSX', 180);
INSERT INTO "Prenotazione" ("Numero_ID", "Codice_Prenotazione") VALUES ('H651XBSRR', 174);
INSERT INTO "Prenotazione" ("Numero_ID", "Codice_Prenotazione") VALUES ('SSPK23836', 94);
INSERT INTO "Prenotazione" ("Numero_ID", "Codice_Prenotazione") VALUES ('4QOLXJ3MH', 234);
INSERT INTO "Prenotazione" ("Numero_ID", "Codice_Prenotazione") VALUES ('16BTZLJ31', 66);
INSERT INTO "Prenotazione" ("Numero_ID", "Codice_Prenotazione") VALUES ('GX4WOI0C8', 51);
INSERT INTO "Prenotazione" ("Numero_ID", "Codice_Prenotazione") VALUES ('O9RMWDBKL', 166);
INSERT INTO "Prenotazione" ("Numero_ID", "Codice_Prenotazione") VALUES ('N19ITVFSN', 114);
INSERT INTO "Prenotazione" ("Numero_ID", "Codice_Prenotazione") VALUES ('VP8B5GXPN', 117);
INSERT INTO "Prenotazione" ("Numero_ID", "Codice_Prenotazione") VALUES ('0R3RGXXBB', 97);
INSERT INTO "Prenotazione" ("Numero_ID", "Codice_Prenotazione") VALUES ('A6HVRCFR0', 176);
INSERT INTO "Prenotazione" ("Numero_ID", "Codice_Prenotazione") VALUES ('M44LK42K5', 149);
INSERT INTO "Prenotazione" ("Numero_ID", "Codice_Prenotazione") VALUES ('3QHPJJEBW', 105);
INSERT INTO "Prenotazione" ("Numero_ID", "Codice_Prenotazione") VALUES ('DTLHFAUEP', 63);
INSERT INTO "Prenotazione" ("Numero_ID", "Codice_Prenotazione") VALUES ('KL619SEQ0', 171);
INSERT INTO "Prenotazione" ("Numero_ID", "Codice_Prenotazione") VALUES ('PIQE462V5', 211);
INSERT INTO "Prenotazione" ("Numero_ID", "Codice_Prenotazione") VALUES ('1TCMPNELX', 98);
INSERT INTO "Prenotazione" ("Numero_ID", "Codice_Prenotazione") VALUES ('STHM7R54U', 196);
INSERT INTO "Servizio" ("ID_Cameriere", "Codice_Prenotazione") VALUES (48, 60);
INSERT INTO "Servizio" ("ID_Cameriere", "Codice_Prenotazione") VALUES (10, 93);
INSERT INTO "Servizio" ("ID_Cameriere", "Codice_Prenotazione") VALUES (23, 152);
INSERT INTO "Servizio" ("ID_Cameriere", "Codice_Prenotazione") VALUES (44, 220);
INSERT INTO "Servizio" ("ID_Cameriere", "Codice_Prenotazione") VALUES (59, 60);
INSERT INTO "Servizio" ("ID_Cameriere", "Codice_Prenotazione") VALUES (43, 60);
INSERT INTO "Servizio" ("ID_Cameriere", "Codice_Prenotazione") VALUES (52, 60);
INSERT INTO "Servizio" ("ID_Cameriere", "Codice_Prenotazione") VALUES (33, 148);
INSERT INTO "Servizio" ("ID_Cameriere", "Codice_Prenotazione") VALUES (44, 213);
INSERT INTO "Servizio" ("ID_Cameriere", "Codice_Prenotazione") VALUES (15, 60);
INSERT INTO "Servizio" ("ID_Cameriere", "Codice_Prenotazione") VALUES (44, 93);
INSERT INTO "Servizio" ("ID_Cameriere", "Codice_Prenotazione") VALUES (36, 72);
INSERT INTO "Servizio" ("ID_Cameriere", "Codice_Prenotazione") VALUES (46, 16);
INSERT INTO "Servizio" ("ID_Cameriere", "Codice_Prenotazione") VALUES (46, 148);
INSERT INTO "Servizio" ("ID_Cameriere", "Codice_Prenotazione") VALUES (46, 207);
INSERT INTO "Servizio" ("ID_Cameriere", "Codice_Prenotazione") VALUES (43, 207);
INSERT INTO "Servizio" ("ID_Cameriere", "Codice_Prenotazione") VALUES (8, 16);
INSERT INTO "Servizio" ("ID_Cameriere", "Codice_Prenotazione") VALUES (8, 25);
INSERT INTO "Servizio" ("ID_Cameriere", "Codice_Prenotazione") VALUES (1, 60);
INSERT INTO "Servizio" ("ID_Cameriere", "Codice_Prenotazione") VALUES (1, 67);
INSERT INTO "Servizio" ("ID_Cameriere", "Codice_Prenotazione") VALUES (33, 216);
INSERT INTO "Servizio" ("ID_Cameriere", "Codice_Prenotazione") VALUES (18, 148);
INSERT INTO "Servizio" ("ID_Cameriere", "Codice_Prenotazione") VALUES (36, 152);
INSERT INTO "Servizio" ("ID_Cameriere", "Codice_Prenotazione") VALUES (48, 25);
INSERT INTO "Servizio" ("ID_Cameriere", "Codice_Prenotazione") VALUES (43, 16);
INSERT INTO "Servizio" ("ID_Cameriere", "Codice_Prenotazione") VALUES (11, 25);
INSERT INTO "Servizio" ("ID_Cameriere", "Codice_Prenotazione") VALUES (4, 61);
INSERT INTO "Servizio" ("ID_Cameriere", "Codice_Prenotazione") VALUES (33, 213);
INSERT INTO "Servizio" ("ID_Cameriere", "Codice_Prenotazione") VALUES (36, 16);
INSERT INTO "Servizio" ("ID_Cameriere", "Codice_Prenotazione") VALUES (43, 69);
INSERT INTO "Servizio" ("ID_Cameriere", "Codice_Prenotazione") VALUES (43, 204);
INSERT INTO "Servizio" ("ID_Cameriere", "Codice_Prenotazione") VALUES (6, 25);
INSERT INTO "Servizio" ("ID_Cameriere", "Codice_Prenotazione") VALUES (10, 117);
INSERT INTO "Servizio" ("ID_Cameriere", "Codice_Prenotazione") VALUES (33, 30);
INSERT INTO "Servizio" ("ID_Cameriere", "Codice_Prenotazione") VALUES (18, 69);
INSERT INTO "Servizio" ("ID_Cameriere", "Codice_Prenotazione") VALUES (24, 216);
INSERT INTO "Servizio" ("ID_Cameriere", "Codice_Prenotazione") VALUES (44, 38);
INSERT INTO "Servizio" ("ID_Cameriere", "Codice_Prenotazione") VALUES (14, 216);
INSERT INTO "Servizio" ("ID_Cameriere", "Codice_Prenotazione") VALUES (8, 30);
INSERT INTO "Servizio" ("ID_Cameriere", "Codice_Prenotazione") VALUES (59, 152);
INSERT INTO "Servizio" ("ID_Cameriere", "Codice_Prenotazione") VALUES (1, 231);
INSERT INTO "Servizio" ("ID_Cameriere", "Codice_Prenotazione") VALUES (6, 117);
INSERT INTO "Servizio" ("ID_Cameriere", "Codice_Prenotazione") VALUES (32, 58);
INSERT INTO "Servizio" ("ID_Cameriere", "Codice_Prenotazione") VALUES (11, 216);
INSERT INTO "Servizio" ("ID_Cameriere", "Codice_Prenotazione") VALUES (10, 248);
INSERT INTO "Servizio" ("ID_Cameriere", "Codice_Prenotazione") VALUES (1, 69);
INSERT INTO "Servizio" ("ID_Cameriere", "Codice_Prenotazione") VALUES (36, 213);
INSERT INTO "Servizio" ("ID_Cameriere", "Codice_Prenotazione") VALUES (46, 58);
INSERT INTO "Servizio" ("ID_Cameriere", "Codice_Prenotazione") VALUES (9, 58);
INSERT INTO "Servizio" ("ID_Cameriere", "Codice_Prenotazione") VALUES (46, 25);
INSERT INTO "Servizio" ("ID_Cameriere", "Codice_Prenotazione") VALUES (23, 163);
INSERT INTO "Servizio" ("ID_Cameriere", "Codice_Prenotazione") VALUES (9, 207);
INSERT INTO "Servizio" ("ID_Cameriere", "Codice_Prenotazione") VALUES (9, 72);
INSERT INTO "Servizio" ("ID_Cameriere", "Codice_Prenotazione") VALUES (2, 204);
INSERT INTO "Servizio" ("ID_Cameriere", "Codice_Prenotazione") VALUES (44, 25);
INSERT INTO "Servizio" ("ID_Cameriere", "Codice_Prenotazione") VALUES (9, 220);
INSERT INTO "Servizio" ("ID_Cameriere", "Codice_Prenotazione") VALUES (2, 16);
INSERT INTO "Servizio" ("ID_Cameriere", "Codice_Prenotazione") VALUES (23, 204);
INSERT INTO "Servizio" ("ID_Cameriere", "Codice_Prenotazione") VALUES (6, 115);
INSERT INTO "Servizio" ("ID_Cameriere", "Codice_Prenotazione") VALUES (18, 67);
INSERT INTO "Servizio" ("ID_Cameriere", "Codice_Prenotazione") VALUES (6, 30);
INSERT INTO "Servizio" ("ID_Cameriere", "Codice_Prenotazione") VALUES (44, 117);
INSERT INTO "Servizio" ("ID_Cameriere", "Codice_Prenotazione") VALUES (43, 216);
INSERT INTO "Servizio" ("ID_Cameriere", "Codice_Prenotazione") VALUES (33, 152);
INSERT INTO "Servizio" ("ID_Cameriere", "Codice_Prenotazione") VALUES (24, 204);
INSERT INTO "Servizio" ("ID_Cameriere", "Codice_Prenotazione") VALUES (52, 61);
INSERT INTO "Servizio" ("ID_Cameriere", "Codice_Prenotazione") VALUES (4, 69);
INSERT INTO "Servizio" ("ID_Cameriere", "Codice_Prenotazione") VALUES (10, 220);
INSERT INTO "Servizio" ("ID_Cameriere", "Codice_Prenotazione") VALUES (14, 60);
INSERT INTO "Servizio" ("ID_Cameriere", "Codice_Prenotazione") VALUES (43, 231);
INSERT INTO "Servizio" ("ID_Cameriere", "Codice_Prenotazione") VALUES (24, 248);
INSERT INTO "Servizio" ("ID_Cameriere", "Codice_Prenotazione") VALUES (6, 152);
INSERT INTO "Servizio" ("ID_Cameriere", "Codice_Prenotazione") VALUES (43, 25);
INSERT INTO "Servizio" ("ID_Cameriere", "Codice_Prenotazione") VALUES (36, 216);
INSERT INTO "Servizio" ("ID_Cameriere", "Codice_Prenotazione") VALUES (24, 207);
INSERT INTO "Servizio" ("ID_Cameriere", "Codice_Prenotazione") VALUES (18, 93);
INSERT INTO "Servizio" ("ID_Cameriere", "Codice_Prenotazione") VALUES (10, 204);
INSERT INTO "Servizio" ("ID_Cameriere", "Codice_Prenotazione") VALUES (24, 72);
INSERT INTO "Servizio" ("ID_Cameriere", "Codice_Prenotazione") VALUES (52, 58);
INSERT INTO "Servizio" ("ID_Cameriere", "Codice_Prenotazione") VALUES (24, 117);
INSERT INTO "Servizio" ("ID_Cameriere", "Codice_Prenotazione") VALUES (50, 57);
INSERT INTO "Servizio" ("ID_Cameriere", "Codice_Prenotazione") VALUES (38, 84);
INSERT INTO "Servizio" ("ID_Cameriere", "Codice_Prenotazione") VALUES (53, 128);
INSERT INTO "Servizio" ("ID_Cameriere", "Codice_Prenotazione") VALUES (30, 228);
INSERT INTO "Servizio" ("ID_Cameriere", "Codice_Prenotazione") VALUES (28, 81);
INSERT INTO "Servizio" ("ID_Cameriere", "Codice_Prenotazione") VALUES (25, 49);
INSERT INTO "Servizio" ("ID_Cameriere", "Codice_Prenotazione") VALUES (20, 120);
INSERT INTO "Servizio" ("ID_Cameriere", "Codice_Prenotazione") VALUES (28, 65);
INSERT INTO "Servizio" ("ID_Cameriere", "Codice_Prenotazione") VALUES (38, 205);
INSERT INTO "Servizio" ("ID_Cameriere", "Codice_Prenotazione") VALUES (5, 219);
INSERT INTO "Servizio" ("ID_Cameriere", "Codice_Prenotazione") VALUES (5, 12);
INSERT INTO "Servizio" ("ID_Cameriere", "Codice_Prenotazione") VALUES (28, 90);
INSERT INTO "Servizio" ("ID_Cameriere", "Codice_Prenotazione") VALUES (17, 73);
INSERT INTO "Servizio" ("ID_Cameriere", "Codice_Prenotazione") VALUES (25, 182);
INSERT INTO "Servizio" ("ID_Cameriere", "Codice_Prenotazione") VALUES (38, 79);
INSERT INTO "Servizio" ("ID_Cameriere", "Codice_Prenotazione") VALUES (37, 123);
INSERT INTO "Servizio" ("ID_Cameriere", "Codice_Prenotazione") VALUES (54, 162);
INSERT INTO "Servizio" ("ID_Cameriere", "Codice_Prenotazione") VALUES (7, 178);
INSERT INTO "Servizio" ("ID_Cameriere", "Codice_Prenotazione") VALUES (19, 176);
INSERT INTO "Servizio" ("ID_Cameriere", "Codice_Prenotazione") VALUES (49, 229);
INSERT INTO "Servizio" ("ID_Cameriere", "Codice_Prenotazione") VALUES (38, 71);
INSERT INTO "Servizio" ("ID_Cameriere", "Codice_Prenotazione") VALUES (49, 167);
INSERT INTO "Servizio" ("ID_Cameriere", "Codice_Prenotazione") VALUES (25, 48);
INSERT INTO "Servizio" ("ID_Cameriere", "Codice_Prenotazione") VALUES (38, 181);
INSERT INTO "Servizio" ("ID_Cameriere", "Codice_Prenotazione") VALUES (26, 89);
INSERT INTO "Servizio" ("ID_Cameriere", "Codice_Prenotazione") VALUES (7, 215);
INSERT INTO "Servizio" ("ID_Cameriere", "Codice_Prenotazione") VALUES (17, 219);
INSERT INTO "Servizio" ("ID_Cameriere", "Codice_Prenotazione") VALUES (19, 1);
INSERT INTO "Servizio" ("ID_Cameriere", "Codice_Prenotazione") VALUES (38, 104);
INSERT INTO "Servizio" ("ID_Cameriere", "Codice_Prenotazione") VALUES (30, 49);
INSERT INTO "Servizio" ("ID_Cameriere", "Codice_Prenotazione") VALUES (17, 50);
INSERT INTO "Servizio" ("ID_Cameriere", "Codice_Prenotazione") VALUES (38, 64);
INSERT INTO "Servizio" ("ID_Cameriere", "Codice_Prenotazione") VALUES (17, 247);
INSERT INTO "Servizio" ("ID_Cameriere", "Codice_Prenotazione") VALUES (40, 135);
INSERT INTO "Servizio" ("ID_Cameriere", "Codice_Prenotazione") VALUES (28, 232);
INSERT INTO "Servizio" ("ID_Cameriere", "Codice_Prenotazione") VALUES (37, 122);
INSERT INTO "Servizio" ("ID_Cameriere", "Codice_Prenotazione") VALUES (20, 122);
INSERT INTO "Servizio" ("ID_Cameriere", "Codice_Prenotazione") VALUES (28, 245);
INSERT INTO "Servizio" ("ID_Cameriere", "Codice_Prenotazione") VALUES (7, 225);
INSERT INTO "Servizio" ("ID_Cameriere", "Codice_Prenotazione") VALUES (30, 159);
INSERT INTO "Servizio" ("ID_Cameriere", "Codice_Prenotazione") VALUES (38, 13);
INSERT INTO "Servizio" ("ID_Cameriere", "Codice_Prenotazione") VALUES (38, 201);
INSERT INTO "Servizio" ("ID_Cameriere", "Codice_Prenotazione") VALUES (28, 184);
INSERT INTO "Servizio" ("ID_Cameriere", "Codice_Prenotazione") VALUES (25, 141);
INSERT INTO "Servizio" ("ID_Cameriere", "Codice_Prenotazione") VALUES (26, 165);
INSERT INTO "Servizio" ("ID_Cameriere", "Codice_Prenotazione") VALUES (37, 156);
INSERT INTO "Servizio" ("ID_Cameriere", "Codice_Prenotazione") VALUES (40, 84);
INSERT INTO "Servizio" ("ID_Cameriere", "Codice_Prenotazione") VALUES (19, 125);
INSERT INTO "Servizio" ("ID_Cameriere", "Codice_Prenotazione") VALUES (22, 14);
INSERT INTO "Servizio" ("ID_Cameriere", "Codice_Prenotazione") VALUES (22, 20);
INSERT INTO "Servizio" ("ID_Cameriere", "Codice_Prenotazione") VALUES (40, 85);
INSERT INTO "Servizio" ("ID_Cameriere", "Codice_Prenotazione") VALUES (50, 214);
INSERT INTO "Servizio" ("ID_Cameriere", "Codice_Prenotazione") VALUES (25, 88);
INSERT INTO "Servizio" ("ID_Cameriere", "Codice_Prenotazione") VALUES (13, 119);
INSERT INTO "Servizio" ("ID_Cameriere", "Codice_Prenotazione") VALUES (53, 8);
INSERT INTO "Servizio" ("ID_Cameriere", "Codice_Prenotazione") VALUES (26, 123);
INSERT INTO "Servizio" ("ID_Cameriere", "Codice_Prenotazione") VALUES (25, 11);
INSERT INTO "Servizio" ("ID_Cameriere", "Codice_Prenotazione") VALUES (37, 126);
INSERT INTO "Servizio" ("ID_Cameriere", "Codice_Prenotazione") VALUES (5, 146);
INSERT INTO "Servizio" ("ID_Cameriere", "Codice_Prenotazione") VALUES (53, 68);
INSERT INTO "Servizio" ("ID_Cameriere", "Codice_Prenotazione") VALUES (5, 141);
INSERT INTO "Servizio" ("ID_Cameriere", "Codice_Prenotazione") VALUES (25, 193);
INSERT INTO "Servizio" ("ID_Cameriere", "Codice_Prenotazione") VALUES (37, 49);
INSERT INTO "Servizio" ("ID_Cameriere", "Codice_Prenotazione") VALUES (5, 238);
INSERT INTO "Servizio" ("ID_Cameriere", "Codice_Prenotazione") VALUES (50, 78);
INSERT INTO "Servizio" ("ID_Cameriere", "Codice_Prenotazione") VALUES (40, 221);
INSERT INTO "Servizio" ("ID_Cameriere", "Codice_Prenotazione") VALUES (5, 8);
INSERT INTO "Servizio" ("ID_Cameriere", "Codice_Prenotazione") VALUES (38, 245);
INSERT INTO "Servizio" ("ID_Cameriere", "Codice_Prenotazione") VALUES (19, 11);
INSERT INTO "Servizio" ("ID_Cameriere", "Codice_Prenotazione") VALUES (30, 119);
INSERT INTO "Servizio" ("ID_Cameriere", "Codice_Prenotazione") VALUES (49, 88);
INSERT INTO "Servizio" ("ID_Cameriere", "Codice_Prenotazione") VALUES (54, 243);
INSERT INTO "Servizio" ("ID_Cameriere", "Codice_Prenotazione") VALUES (37, 134);
INSERT INTO "Servizio" ("ID_Cameriere", "Codice_Prenotazione") VALUES (51, 160);
INSERT INTO "Servizio" ("ID_Cameriere", "Codice_Prenotazione") VALUES (53, 84);
INSERT INTO "Servizio" ("ID_Cameriere", "Codice_Prenotazione") VALUES (28, 189);
INSERT INTO "Servizio" ("ID_Cameriere", "Codice_Prenotazione") VALUES (50, 202);
INSERT INTO "Servizio" ("ID_Cameriere", "Codice_Prenotazione") VALUES (40, 26);
INSERT INTO "Servizio" ("ID_Cameriere", "Codice_Prenotazione") VALUES (22, 118);
INSERT INTO "Servizio" ("ID_Cameriere", "Codice_Prenotazione") VALUES (37, 82);
INSERT INTO "Servizio" ("ID_Cameriere", "Codice_Prenotazione") VALUES (17, 172);
INSERT INTO "Servizio" ("ID_Cameriere", "Codice_Prenotazione") VALUES (25, 63);
INSERT INTO "Servizio" ("ID_Cameriere", "Codice_Prenotazione") VALUES (54, 43);
INSERT INTO "Servizio" ("ID_Cameriere", "Codice_Prenotazione") VALUES (30, 8);
INSERT INTO "Servizio" ("ID_Cameriere", "Codice_Prenotazione") VALUES (38, 241);
INSERT INTO "Servizio" ("ID_Cameriere", "Codice_Prenotazione") VALUES (28, 11);
INSERT INTO "Servizio" ("ID_Cameriere", "Codice_Prenotazione") VALUES (13, 199);
INSERT INTO "Servizio" ("ID_Cameriere", "Codice_Prenotazione") VALUES (13, 88);
INSERT INTO "Servizio" ("ID_Cameriere", "Codice_Prenotazione") VALUES (37, 203);
INSERT INTO "Servizio" ("ID_Cameriere", "Codice_Prenotazione") VALUES (49, 39);
INSERT INTO "Servizio" ("ID_Cameriere", "Codice_Prenotazione") VALUES (37, 208);
INSERT INTO "Servizio" ("ID_Cameriere", "Codice_Prenotazione") VALUES (54, 33);
INSERT INTO "Servizio" ("ID_Cameriere", "Codice_Prenotazione") VALUES (38, 24);
INSERT INTO "Servizio" ("ID_Cameriere", "Codice_Prenotazione") VALUES (54, 101);
INSERT INTO "Servizio" ("ID_Cameriere", "Codice_Prenotazione") VALUES (50, 81);
INSERT INTO "Servizio" ("ID_Cameriere", "Codice_Prenotazione") VALUES (38, 12);
INSERT INTO "Servizio" ("ID_Cameriere", "Codice_Prenotazione") VALUES (51, 43);
INSERT INTO "Servizio" ("ID_Cameriere", "Codice_Prenotazione") VALUES (40, 71);
INSERT INTO "Servizio" ("ID_Cameriere", "Codice_Prenotazione") VALUES (51, 181);
INSERT INTO "Servizio" ("ID_Cameriere", "Codice_Prenotazione") VALUES (37, 133);
INSERT INTO "Servizio" ("ID_Cameriere", "Codice_Prenotazione") VALUES (19, 174);
INSERT INTO "Servizio" ("ID_Cameriere", "Codice_Prenotazione") VALUES (38, 137);
INSERT INTO "Servizio" ("ID_Cameriere", "Codice_Prenotazione") VALUES (40, 185);
INSERT INTO "Servizio" ("ID_Cameriere", "Codice_Prenotazione") VALUES (49, 245);
INSERT INTO "Servizio" ("ID_Cameriere", "Codice_Prenotazione") VALUES (13, 178);
INSERT INTO "Servizio" ("ID_Cameriere", "Codice_Prenotazione") VALUES (17, 95);
INSERT INTO "Servizio" ("ID_Cameriere", "Codice_Prenotazione") VALUES (22, 162);
INSERT INTO "Servizio" ("ID_Cameriere", "Codice_Prenotazione") VALUES (22, 101);
INSERT INTO "Servizio" ("ID_Cameriere", "Codice_Prenotazione") VALUES (13, 156);
INSERT INTO "Servizio" ("ID_Cameriere", "Codice_Prenotazione") VALUES (30, 168);
INSERT INTO "Servizio" ("ID_Cameriere", "Codice_Prenotazione") VALUES (49, 138);
INSERT INTO "Servizio" ("ID_Cameriere", "Codice_Prenotazione") VALUES (28, 59);
INSERT INTO "Servizio" ("ID_Cameriere", "Codice_Prenotazione") VALUES (7, 198);
INSERT INTO "Servizio" ("ID_Cameriere", "Codice_Prenotazione") VALUES (19, 223);
INSERT INTO "Servizio" ("ID_Cameriere", "Codice_Prenotazione") VALUES (25, 13);
INSERT INTO "Servizio" ("ID_Cameriere", "Codice_Prenotazione") VALUES (22, 1);
INSERT INTO "Servizio" ("ID_Cameriere", "Codice_Prenotazione") VALUES (37, 23);
INSERT INTO "Servizio" ("ID_Cameriere", "Codice_Prenotazione") VALUES (22, 235);
INSERT INTO "Servizio" ("ID_Cameriere", "Codice_Prenotazione") VALUES (13, 221);
INSERT INTO "Servizio" ("ID_Cameriere", "Codice_Prenotazione") VALUES (51, 208);
INSERT INTO "Servizio" ("ID_Cameriere", "Codice_Prenotazione") VALUES (20, 75);
INSERT INTO "Servizio" ("ID_Cameriere", "Codice_Prenotazione") VALUES (26, 82);
INSERT INTO "Servizio" ("ID_Cameriere", "Codice_Prenotazione") VALUES (17, 37);
INSERT INTO "Servizio" ("ID_Cameriere", "Codice_Prenotazione") VALUES (28, 79);
INSERT INTO "Servizio" ("ID_Cameriere", "Codice_Prenotazione") VALUES (30, 101);
INSERT INTO "Servizio" ("ID_Cameriere", "Codice_Prenotazione") VALUES (38, 40);
INSERT INTO "Servizio" ("ID_Cameriere", "Codice_Prenotazione") VALUES (50, 162);
INSERT INTO "Servizio" ("ID_Cameriere", "Codice_Prenotazione") VALUES (37, 76);
INSERT INTO "Servizio" ("ID_Cameriere", "Codice_Prenotazione") VALUES (37, 140);
INSERT INTO "Servizio" ("ID_Cameriere", "Codice_Prenotazione") VALUES (5, 210);
INSERT INTO "Servizio" ("ID_Cameriere", "Codice_Prenotazione") VALUES (7, 9);
INSERT INTO "Servizio" ("ID_Cameriere", "Codice_Prenotazione") VALUES (28, 75);
INSERT INTO "Servizio" ("ID_Cameriere", "Codice_Prenotazione") VALUES (26, 168);
INSERT INTO "Servizio" ("ID_Cameriere", "Codice_Prenotazione") VALUES (49, 203);
INSERT INTO "Servizio" ("ID_Cameriere", "Codice_Prenotazione") VALUES (20, 200);
INSERT INTO "Servizio" ("ID_Cameriere", "Codice_Prenotazione") VALUES (26, 75);
INSERT INTO "Servizio" ("ID_Cameriere", "Codice_Prenotazione") VALUES (28, 128);
INSERT INTO "Servizio" ("ID_Cameriere", "Codice_Prenotazione") VALUES (26, 2);
INSERT INTO "Servizio" ("ID_Cameriere", "Codice_Prenotazione") VALUES (28, 195);
INSERT INTO "Servizio" ("ID_Cameriere", "Codice_Prenotazione") VALUES (19, 59);
INSERT INTO "Servizio" ("ID_Cameriere", "Codice_Prenotazione") VALUES (26, 247);
INSERT INTO "Servizio" ("ID_Cameriere", "Codice_Prenotazione") VALUES (30, 74);
INSERT INTO "Servizio" ("ID_Cameriere", "Codice_Prenotazione") VALUES (7, 97);
INSERT INTO "Servizio" ("ID_Cameriere", "Codice_Prenotazione") VALUES (28, 10);
INSERT INTO "Servizio" ("ID_Cameriere", "Codice_Prenotazione") VALUES (49, 107);
INSERT INTO "Servizio" ("ID_Cameriere", "Codice_Prenotazione") VALUES (5, 86);
INSERT INTO "Servizio" ("ID_Cameriere", "Codice_Prenotazione") VALUES (25, 230);
INSERT INTO "Servizio" ("ID_Cameriere", "Codice_Prenotazione") VALUES (50, 198);
INSERT INTO "Servizio" ("ID_Cameriere", "Codice_Prenotazione") VALUES (49, 197);
INSERT INTO "Servizio" ("ID_Cameriere", "Codice_Prenotazione") VALUES (20, 146);
INSERT INTO "Servizio" ("ID_Cameriere", "Codice_Prenotazione") VALUES (26, 229);
INSERT INTO "Servizio" ("ID_Cameriere", "Codice_Prenotazione") VALUES (37, 85);
INSERT INTO "Servizio" ("ID_Cameriere", "Codice_Prenotazione") VALUES (13, 188);
INSERT INTO "Servizio" ("ID_Cameriere", "Codice_Prenotazione") VALUES (26, 88);
INSERT INTO "Servizio" ("ID_Cameriere", "Codice_Prenotazione") VALUES (49, 188);
INSERT INTO "Servizio" ("ID_Cameriere", "Codice_Prenotazione") VALUES (54, 57);
INSERT INTO "Servizio" ("ID_Cameriere", "Codice_Prenotazione") VALUES (50, 2);
INSERT INTO "Servizio" ("ID_Cameriere", "Codice_Prenotazione") VALUES (50, 64);
INSERT INTO "Servizio" ("ID_Cameriere", "Codice_Prenotazione") VALUES (49, 214);
INSERT INTO "Servizio" ("ID_Cameriere", "Codice_Prenotazione") VALUES (40, 51);
INSERT INTO "Servizio" ("ID_Cameriere", "Codice_Prenotazione") VALUES (7, 71);
INSERT INTO "Servizio" ("ID_Cameriere", "Codice_Prenotazione") VALUES (22, 197);
INSERT INTO "Servizio" ("ID_Cameriere", "Codice_Prenotazione") VALUES (38, 88);
INSERT INTO "Servizio" ("ID_Cameriere", "Codice_Prenotazione") VALUES (26, 1);
INSERT INTO "Servizio" ("ID_Cameriere", "Codice_Prenotazione") VALUES (30, 242);
INSERT INTO "Servizio" ("ID_Cameriere", "Codice_Prenotazione") VALUES (51, 90);
INSERT INTO "Servizio" ("ID_Cameriere", "Codice_Prenotazione") VALUES (13, 47);
INSERT INTO "Servizio" ("ID_Cameriere", "Codice_Prenotazione") VALUES (20, 126);
INSERT INTO "Servizio" ("ID_Cameriere", "Codice_Prenotazione") VALUES (26, 171);
INSERT INTO "Servizio" ("ID_Cameriere", "Codice_Prenotazione") VALUES (51, 214);
INSERT INTO "Servizio" ("ID_Cameriere", "Codice_Prenotazione") VALUES (37, 174);
INSERT INTO "Servizio" ("ID_Cameriere", "Codice_Prenotazione") VALUES (25, 192);
INSERT INTO "Servizio" ("ID_Cameriere", "Codice_Prenotazione") VALUES (7, 80);
INSERT INTO "Servizio" ("ID_Cameriere", "Codice_Prenotazione") VALUES (16, 196);
INSERT INTO "Servizio" ("ID_Cameriere", "Codice_Prenotazione") VALUES (42, 222);
INSERT INTO "Servizio" ("ID_Cameriere", "Codice_Prenotazione") VALUES (3, 161);
INSERT INTO "Servizio" ("ID_Cameriere", "Codice_Prenotazione") VALUES (16, 145);
INSERT INTO "Servizio" ("ID_Cameriere", "Codice_Prenotazione") VALUES (34, 102);
INSERT INTO "Servizio" ("ID_Cameriere", "Codice_Prenotazione") VALUES (16, 109);
INSERT INTO "Servizio" ("ID_Cameriere", "Codice_Prenotazione") VALUES (47, 103);
INSERT INTO "Servizio" ("ID_Cameriere", "Codice_Prenotazione") VALUES (60, 145);
INSERT INTO "Servizio" ("ID_Cameriere", "Codice_Prenotazione") VALUES (47, 124);
INSERT INTO "Servizio" ("ID_Cameriere", "Codice_Prenotazione") VALUES (29, 121);
INSERT INTO "Servizio" ("ID_Cameriere", "Codice_Prenotazione") VALUES (27, 112);
INSERT INTO "Servizio" ("ID_Cameriere", "Codice_Prenotazione") VALUES (27, 98);
INSERT INTO "Servizio" ("ID_Cameriere", "Codice_Prenotazione") VALUES (16, 103);
INSERT INTO "Servizio" ("ID_Cameriere", "Codice_Prenotazione") VALUES (42, 103);
INSERT INTO "Servizio" ("ID_Cameriere", "Codice_Prenotazione") VALUES (31, 226);
INSERT INTO "Servizio" ("ID_Cameriere", "Codice_Prenotazione") VALUES (12, 124);
INSERT INTO "Servizio" ("ID_Cameriere", "Codice_Prenotazione") VALUES (60, 151);
INSERT INTO "Servizio" ("ID_Cameriere", "Codice_Prenotazione") VALUES (29, 34);
INSERT INTO "Servizio" ("ID_Cameriere", "Codice_Prenotazione") VALUES (57, 35);
INSERT INTO "Servizio" ("ID_Cameriere", "Codice_Prenotazione") VALUES (35, 91);
INSERT INTO "Servizio" ("ID_Cameriere", "Codice_Prenotazione") VALUES (45, 139);
INSERT INTO "Servizio" ("ID_Cameriere", "Codice_Prenotazione") VALUES (31, 131);
INSERT INTO "Servizio" ("ID_Cameriere", "Codice_Prenotazione") VALUES (31, 239);
INSERT INTO "Servizio" ("ID_Cameriere", "Codice_Prenotazione") VALUES (42, 55);
INSERT INTO "Servizio" ("ID_Cameriere", "Codice_Prenotazione") VALUES (12, 28);
INSERT INTO "Servizio" ("ID_Cameriere", "Codice_Prenotazione") VALUES (57, 124);
INSERT INTO "Servizio" ("ID_Cameriere", "Codice_Prenotazione") VALUES (56, 151);
INSERT INTO "Servizio" ("ID_Cameriere", "Codice_Prenotazione") VALUES (34, 127);
INSERT INTO "Servizio" ("ID_Cameriere", "Codice_Prenotazione") VALUES (27, 177);
INSERT INTO "Servizio" ("ID_Cameriere", "Codice_Prenotazione") VALUES (12, 209);
INSERT INTO "Servizio" ("ID_Cameriere", "Codice_Prenotazione") VALUES (29, 157);
INSERT INTO "Servizio" ("ID_Cameriere", "Codice_Prenotazione") VALUES (57, 55);
INSERT INTO "Servizio" ("ID_Cameriere", "Codice_Prenotazione") VALUES (21, 102);
INSERT INTO "Servizio" ("ID_Cameriere", "Codice_Prenotazione") VALUES (39, 111);
INSERT INTO "Servizio" ("ID_Cameriere", "Codice_Prenotazione") VALUES (56, 186);
INSERT INTO "Servizio" ("ID_Cameriere", "Codice_Prenotazione") VALUES (56, 108);
INSERT INTO "Servizio" ("ID_Cameriere", "Codice_Prenotazione") VALUES (21, 206);
INSERT INTO "Servizio" ("ID_Cameriere", "Codice_Prenotazione") VALUES (12, 77);
INSERT INTO "Servizio" ("ID_Cameriere", "Codice_Prenotazione") VALUES (21, 111);
INSERT INTO "Servizio" ("ID_Cameriere", "Codice_Prenotazione") VALUES (45, 222);
INSERT INTO "Servizio" ("ID_Cameriere", "Codice_Prenotazione") VALUES (42, 164);
INSERT INTO "Servizio" ("ID_Cameriere", "Codice_Prenotazione") VALUES (56, 34);
INSERT INTO "Servizio" ("ID_Cameriere", "Codice_Prenotazione") VALUES (12, 108);
INSERT INTO "Servizio" ("ID_Cameriere", "Codice_Prenotazione") VALUES (21, 96);
INSERT INTO "Servizio" ("ID_Cameriere", "Codice_Prenotazione") VALUES (41, 124);
INSERT INTO "Servizio" ("ID_Cameriere", "Codice_Prenotazione") VALUES (60, 91);
INSERT INTO "Servizio" ("ID_Cameriere", "Codice_Prenotazione") VALUES (29, 87);
INSERT INTO "Servizio" ("ID_Cameriere", "Codice_Prenotazione") VALUES (27, 183);
INSERT INTO "Servizio" ("ID_Cameriere", "Codice_Prenotazione") VALUES (56, 53);
INSERT INTO "Servizio" ("ID_Cameriere", "Codice_Prenotazione") VALUES (42, 27);
INSERT INTO "Servizio" ("ID_Cameriere", "Codice_Prenotazione") VALUES (29, 77);
INSERT INTO "Servizio" ("ID_Cameriere", "Codice_Prenotazione") VALUES (45, 100);
INSERT INTO "Servizio" ("ID_Cameriere", "Codice_Prenotazione") VALUES (60, 28);
INSERT INTO "Servizio" ("ID_Cameriere", "Codice_Prenotazione") VALUES (56, 218);
INSERT INTO "Servizio" ("ID_Cameriere", "Codice_Prenotazione") VALUES (31, 108);
INSERT INTO "Servizio" ("ID_Cameriere", "Codice_Prenotazione") VALUES (39, 166);
INSERT INTO "Servizio" ("ID_Cameriere", "Codice_Prenotazione") VALUES (58, 29);
INSERT INTO "Servizio" ("ID_Cameriere", "Codice_Prenotazione") VALUES (47, 108);
INSERT INTO "Servizio" ("ID_Cameriere", "Codice_Prenotazione") VALUES (41, 145);
INSERT INTO "Servizio" ("ID_Cameriere", "Codice_Prenotazione") VALUES (41, 191);
INSERT INTO "Servizio" ("ID_Cameriere", "Codice_Prenotazione") VALUES (42, 28);
INSERT INTO "Servizio" ("ID_Cameriere", "Codice_Prenotazione") VALUES (27, 27);
INSERT INTO "Servizio" ("ID_Cameriere", "Codice_Prenotazione") VALUES (21, 106);
INSERT INTO "Servizio" ("ID_Cameriere", "Codice_Prenotazione") VALUES (47, 180);
INSERT INTO "Servizio" ("ID_Cameriere", "Codice_Prenotazione") VALUES (35, 87);
INSERT INTO "Servizio" ("ID_Cameriere", "Codice_Prenotazione") VALUES (39, 102);
INSERT INTO "Servizio" ("ID_Cameriere", "Codice_Prenotazione") VALUES (56, 240);
INSERT INTO "Servizio" ("ID_Cameriere", "Codice_Prenotazione") VALUES (60, 109);
INSERT INTO "Servizio" ("ID_Cameriere", "Codice_Prenotazione") VALUES (35, 226);
INSERT INTO "Servizio" ("ID_Cameriere", "Codice_Prenotazione") VALUES (56, 158);
INSERT INTO "Servizio" ("ID_Cameriere", "Codice_Prenotazione") VALUES (27, 56);
INSERT INTO "Servizio" ("ID_Cameriere", "Codice_Prenotazione") VALUES (31, 143);
INSERT INTO "Servizio" ("ID_Cameriere", "Codice_Prenotazione") VALUES (34, 46);
INSERT INTO "Servizio" ("ID_Cameriere", "Codice_Prenotazione") VALUES (45, 237);
INSERT INTO "Servizio" ("ID_Cameriere", "Codice_Prenotazione") VALUES (58, 224);
INSERT INTO "Servizio" ("ID_Cameriere", "Codice_Prenotazione") VALUES (57, 111);
INSERT INTO "Servizio" ("ID_Cameriere", "Codice_Prenotazione") VALUES (29, 166);
INSERT INTO "Servizio" ("ID_Cameriere", "Codice_Prenotazione") VALUES (39, 161);
INSERT INTO "Servizio" ("ID_Cameriere", "Codice_Prenotazione") VALUES (27, 100);
INSERT INTO "Servizio" ("ID_Cameriere", "Codice_Prenotazione") VALUES (47, 139);
INSERT INTO "Servizio" ("ID_Cameriere", "Codice_Prenotazione") VALUES (58, 98);
INSERT INTO "Servizio" ("ID_Cameriere", "Codice_Prenotazione") VALUES (27, 124);
INSERT INTO "Servizio" ("ID_Cameriere", "Codice_Prenotazione") VALUES (35, 44);
INSERT INTO "Servizio" ("ID_Cameriere", "Codice_Prenotazione") VALUES (34, 166);